suburb,lat,lon
 Abbeyard,-37.8100,144.9700
 Abbotsford,-38.3700,144.7700
 Abeckett Street,-37.8200,144.9900
 Aberfeldie,-37.8100,144.9400
 Aberfeldy,-37.8400,144.9800
 Acheron,-37.8400,144.9800
 Ada,-37.8200,144.9500
 Adams Estate,-37.8200,144.9700
 Addington,-37.8200,144.9700
 Adelaide Lead,-37.8100,144.9500
 Agnes,-37.8000,144.9600
 Aire Valley,-37.8000,144.9000
 Aireys Inlet,-37.8000,144.9000
 Airly,-37.8000,144.9000
 Airport West,-37.8100,144.8500
 Albacutya,-37.8100,144.8500
 Albanvale,-37.8100,144.8500
 Albert Park,-37.8100,144.8500
 Alberton,-37.8100,144.8500
 Alberton West,-37.8100,144.8500
 Albion,-37.8200,144.8900
 Alexandra,-37.8200,144.8900
 Alfredton,-37.8400,144.8800
 Allambee,-37.8400,144.8800
 Allambee Reserve,-37.8400,144.8800
 Allambee South,-37.8600,144.9000
 Allans Flat,-37.8600,144.9000
 Allansford,-37.8700,144.8300
 Allendale,-37.8700,144.8300
 Allestree,-37.7800,144.8600
 Alma,-37.7800,144.8600
 Almonds,-37.7800,144.8600
 Almurta,-37.7800,144.8200
 Alphington,-37.7800,144.8200
 Altona,-37.7800,144.8200
 Altona East,-37.7800,144.8200
 Altona Gate,-37.7800,144.8200
 Altona Meadows,-37.7500,144.7700
 Altona North,-37.7500,144.7700
 Alvie,-37.7500,144.7700
 Amherst,-37.7500,144.7700
 Amor,-37.7800,144.8000
 Amphitheatre,-37.7800,144.8000
 Anakie,-37.7500,144.7500
 Ancona,-37.7500,144.7500
 Anderson,-37.7500,144.7500
 Anglers Rest,-37.7500,144.7500
 Anglesea,-37.7500,144.7500
 Annuello,-37.7500,144.7500
 Antwerp,-37.7500,144.7500
 Apollo Bay,-37.9000,144.5600
 Appin,-37.9000,144.5600
 Appin South,-37.9000,144.5600
 Apsley,-37.8400,144.8600
 Arapiles,-37.8400,144.8600
 Ararat,-37.8400,144.8600
 Arawata,-37.8400,144.8000
 Arbuckle,-37.8600,144.7600
 Arcadia,-37.8700,144.7800
 Arcadia South,-37.8700,144.7800
 Archdale,-37.8700,144.7800
 Archdale Junction,-37.8800,144.7000
 Archerton,-37.8800,144.7000
 Archies Creek,-37.8800,144.7000
 Ardeer,-37.9700,144.5800
 Ardmona,-37.9700,144.5800
 Areegra,-37.9700,144.5800
 Argyle,-37.9700,144.5800
 Armadale,-37.9700,144.5800
 Armadale North,-37.9700,144.5800
 Armstrong,-37.7900,144.9300
 Arnold,-37.7900,144.9300
 Arnold West,-37.7800,144.9200
 Arthurs Creek,-37.7800,144.9200
 Arthurs Seat,-37.7800,144.9200
 Ascot,-37.7800,144.9200
 Ascot,-37.7400,144.8000
 Ascot Vale,-37.7400,144.8200
 Ashbourne,-37.7200,144.8300
 Ashburton,-37.7200,144.8300
 Ashwood,-37.7200,144.7800
 Aspendale,-37.7200,144.7800
 Aspendale Gardens,-37.7200,144.7800
 Athlone,-37.7200,144.7800
 Attwood,-37.7200,144.7800
 Aubrey,-37.7300,144.8100
 Auburn,-37.7300,144.8100
 Auburn South,-37.7300,144.8100
 Auchmore,-37.7300,144.8100
 Avalon,-37.7700,144.9200
 Avenel,-37.7600,144.9000
 Avoca,-37.7600,144.9000
 Avon Plains,-37.7600,144.9000
 Avondale Heights,-37.7400,144.9100
 Avonmore,-37.7400,144.9100
 Avonsleigh,-37.7400,144.9100
 Axe Creek,-37.7400,144.9100
 Axedale,-37.7100,144.8900
 Ayrford,-37.7100,144.8900
 Bacchus Marsh,-37.7100,144.8900
 Baddaginnie,-37.6900,144.8800
 Badger Creek,-37.6900,144.8800
 Bael Bael,-37.6900,144.8800
 Bagshot,-37.7300,144.9400
 Bagshot North,-37.7300,144.9400
 Bahgallah,-37.6700,144.8300
 Bailieston,-37.7000,144.9200
 Bairnsdale,-37.7000,144.9200
 Bakery Hill,-37.7000,144.9200
 Bakery Hill,-37.6800,144.9200
 Balaclava,-37.6800,144.9200
 Bald Hills,-37.6800,144.9200
 Balintore,-37.6500,144.9300
 Ballan,-37.6500,144.9300
 Ballangeich,-37.6700,144.8900
 Ballapur,-37.6700,144.8900
 Ballarat,-37.8000,144.9600
 Ballarat,-37.9100,145.0600
 Ballarat Central,-37.9100,145.0600
 Ballarat East,-37.8000,144.9600
 Ballarat MC,-37.8000,144.9600
 Ballarat North,-37.7800,144.9700
 Ballarat Roadside Delivery,-37.7800,144.9700
 Ballarat West,-37.7800,144.9700
 Ballendella,-37.7800,144.9700
 Balliang,-37.7700,144.9400
 Balliang East,-37.7700,144.9400
 Ballyrogan,-37.7700,144.9400
 Balmattum,-37.7700,144.9400
 Balmoral,-37.7600,144.9400
 Balnarring,-37.7600,144.9400
 Balnarring Beach,-37.7600,144.9400
 Balook,-37.7600,144.9800
 Balwyn,-37.7600,144.9800
 Balwyn East,-37.7600,144.9800
 Balwyn North,-37.7300,144.9600
 Bamawm,-37.7300,144.9600
 Bamawm Extension,-37.7300,144.9600
 Bambra,-37.7300,144.9600
 Bamganie,-37.7300,144.9600
 Bandiana,-37.6400,144.8900
 Bandiana Milpo,-37.7600,144.9000
 Bangerang,-37.7600,144.9000
 Bangholme,-37.7600,144.9000
 Banksia Peninsula,-37.6400,144.9500
 Bannerton,-37.6400,144.9400
 Bannockburn,-37.6300,144.8400
 Banyan,-37.6300,144.8400
 Banyena,-37.6000,144.9400
 Banyule,-37.6000,144.9400
 Baranduda,-37.6000,144.9400
 Bareena,-37.6000,144.9400
 Barfold,-37.6000,144.9400
 Baringhup,-37.8000,144.9800
 Baringhup West,-37.8000,144.9800
 Barjarg,-37.8000,144.9800
 Barkers Creek,-37.8000,145.0000
 Barkly,-37.7900,144.9900
 Barkstead,-37.7900,144.9900
 Barmah,-37.7700,145.0000
 Barnadown,-37.7700,145.0000
 Barnawartha,-37.7600,145.0000
 Barnawartha North,-37.7400,145.0300
 Baromi,-37.7400,145.0300
 Barongarook,-37.7400,145.0300
 Barongarook West,-37.7400,145.0300
 Barrabool,-37.7400,145.0300
 Barrakee,-37.7400,145.0300
 Barramunga,-37.7400,145.0300
 Barraport,-37.6900,145.0100
 Barraport West,-37.6900,145.0100
 Barrys Reef,-37.6900,145.0100
 Barunah Park,-37.6900,145.0100
 Barunah Plains,-37.6900,145.0100
 Barwidgee,-37.6800,145.0100
 Barwite,-37.6700,145.0200
 Barwon Downs,-37.6700,145.0200
 Barwon Heads,-37.6400,145.0100
 Basalt,-37.6400,145.0100
 Bass,-37.7800,145.0300
 Batesford,-37.7800,145.0300
 Bathumi,-37.7700,145.0400
 Batman,-37.7700,145.0400
 Baw Baw,-37.7700,145.0400
 Baw Baw Village,-37.7500,145.0500
 Baxter,-37.7500,145.0500
 Bayindeen,-37.7500,145.0500
 Bayles,-37.7500,145.0500
 Baynton,-37.6700,145.0600
 Baynton East,-37.7000,145.0700
 Bayswater,-37.7000,145.0700
 Bayswater North,-37.7000,145.0700
 Beaconsfield,-37.7400,145.0900
 Beaconsfield Upper,-37.7400,145.0900
 Bealiba,-37.7400,145.0900
 Bearii,-37.7400,145.0900
 Bears Lagoon,-37.7400,145.0900
 Beauchamp,-37.7300,145.0700
 Beaufort,-37.7300,145.0700
 Beaumaris,-37.7300,145.0700
 Beazleys Bridge,-37.7200,145.0500
 Bedford Road,-37.7100,145.0800
 Beeac,-37.7100,145.0800
 Beech Forest,-37.7100,145.1200
 Beechworth,-37.7100,145.1200
 Beenak,-37.7100,145.1200
 Belgrave,-37.6400,145.2200
 Belgrave Heights,-37.6700,145.1200
 Belgrave South,-37.6400,145.1300
 Bell Park,-37.7300,145.0900
 Bell Post Hill,-37.7200,145.1200
 Bellarine,-37.7100,145.1500
 Bellbird Creek,-37.7100,145.1500
 Bellbrae,-37.7100,145.1500
 Bellbridge,-37.6700,145.1900
 Bellellen,-37.7000,145.2800
 Bellfield,-37.7000,145.2800
 Bells Beach,-37.5900,145.2200
 Belmont,-37.5900,145.2200
 Belvedere Park,-37.5900,145.2200
 Bemm River,-37.5900,145.2200
 Bena,-37.5900,145.2200
 Benalla,-37.8100,145.0400
 Benalla West,-37.8000,145.0500
 Benambra,-37.8100,145.0800
 Benayeo,-37.8100,145.0800
 Bend Of Islands,-37.7900,145.0700
 Bendigo,-37.7900,145.0700
 Bendigo,-37.7700,145.0800
 Bendigo DC,-37.7700,145.0800
 Bendigo Forward,-37.7700,145.1200
 Bendigo South,-37.7600,145.1000
 Bendoc,-37.7800,145.1200
 Bengworden,-37.8100,145.1900
 Benjeroop,-37.8100,145.1900
 Benloch,-37.8100,145.1900
 Bennettswood,-37.8100,145.1900
 Bennison,0.0000,0.0000
 Bentleigh,-38.1800,144.4700
 Bentleigh East,-37.7300,145.2200
 Benwerrin,-37.7300,145.2200
 Beremboke,-37.7800,145.2100
 Berrimal,-37.7400,145.2700
 Berringa,-37.7500,145.3300
 Berringama,-37.8300,145.0100
 Berriwillock,-37.8300,145.0100
 Berrybank,-37.8300,145.0100
 Berrys Creek,-37.8300,145.0100
 Berwick,-37.8300,145.0100
 Bessiebelle,-37.8300,145.0100
 Bet Bet,-37.8300,145.0100
 Bete Bolong,-37.8400,145.0500
 Bete Bolong North,-37.8400,145.0500
 Bethanga,-37.8400,145.0500
 Betley,-37.8400,145.0500
 Beulah,-37.8400,145.0500
 Beverford,-37.8300,145.0400
 Beveridge,-37.8300,145.0400
 Big Desert,-37.8200,145.0600
 Big Hill,-37.8200,145.0600
 Big Pats Creek,-37.8200,145.0600
 Biggara,-37.8200,145.0600
 Billabong,-37.8200,145.0600
 Bimbourie,-37.8400,145.1200
 Bindi,-37.8400,145.1200
 Binginwarri,-37.8400,145.1200
 Bingo Munjie,-37.8400,145.0900
 Birchip,-37.8400,145.0900
 Birchip West,-37.8200,145.1000
 Birdwoodton,-37.8200,145.1000
 Birregurra,-37.8200,145.1000
 Bittern,-37.8200,145.1200
 Black Hill,-37.8200,145.1200
 Black Range,-37.8200,145.1200
 Black Rock,-37.8200,145.1200
 Black Rock North,-37.8200,145.1200
 Blackburn,-37.8000,145.1300
 Blackburn North,-37.8000,145.1300
 Blackburn South,-37.8000,145.1300
 Blackheath,-37.8200,145.1500
 Blackwarry,-37.8200,145.1500
 Blackwood,-37.8200,145.1500
 Blackwood Forest,-37.8200,145.1500
 Blairgowrie,-37.8400,145.1800
 Blakeville,-37.8400,145.1800
 Blampied,-37.8400,145.1800
 Blind Bight,-37.8200,145.1900
 Blowhard,-37.8200,145.1900
 Bo Peep,-37.8200,145.1900
 Bobinawarrah,-37.8400,145.1900
 Bochara,-37.8400,145.1900
 Bogong,-37.8100,145.2300
 Boho,-37.8100,145.2300
 Boho South,-37.8100,145.2300
 Boigbeat,-37.8100,145.2300
 Boinka,-37.8100,145.2300
 Boisdale,-37.8200,145.2500
 Bolangum,-37.8200,145.2500
 Bolinda,-37.8200,145.2500
 Bolton,-37.8000,145.2800
 Bolwarra,-37.8000,145.2800
 Bolwarrah,-37.8000,145.2800
 Bona Vista,-37.8000,145.2800
 Bonang,-37.8000,145.3100
 Bonbeach,-37.8000,145.3100
 Bonegilla,-37.7700,145.3300
 Boneo,-37.8000,145.5400
 Bonn,-37.8000,145.5400
 Bonnie Doon,-37.8000,145.5400
 Bonshaw,-37.8000,145.5400
 Bookaar,-37.8000,145.5400
 Boola,-37.8000,145.5400
 Boolarong,-37.8000,145.5400
 Boolarra,-37.8000,145.5400
 Boolarra South,-37.8000,145.5400
 Boole Poole,-37.8000,145.5400
 Boolite,-37.7600,145.3500
 Boomahnoomoonah,-36.9900,144.0600
 Boonah,-36.9900,144.0600
 Booran Road Po,-36.9900,144.0600
 Boorcan,-37.8400,145.0000
 Boorhaman,-37.8400,145.0000
 Boorhaman East,-37.8600,145.0200
 Boorhaman North,-37.8600,145.0200
 Boorolite,-37.8400,145.0300
 Boorool,-37.8400,145.0300
 Boort,-37.8400,145.0300
 Boosey,-37.8800,145.0400
 Boralma,-37.8800,145.0400
 Bornes Hill,-37.8800,145.0400
 Boronia,-37.8800,145.0400
 Borung,-37.8800,145.0400
 Bostocks Creek,-37.8800,145.0400
 Botanic Ridge,-37.8500,145.0700
 Boundary Bend,-37.8600,145.0800
 Bowenvale,-37.8600,145.0800
 Boweya,-37.8900,145.0800
 Boweya North,-37.8900,145.0800
 Bowmans Forest,-37.8900,145.0800
 Bowser,-37.8900,145.0800
 Box Hill,-37.8800,145.1300
 Box Hill Central,-37.8800,145.1300
 Box Hill North,-37.8800,145.1300
 Box Hill South,-37.8800,145.1700
 Boxwood,-37.8800,145.1700
 Bradford,-37.8800,145.1700
 Bradvale,-37.8600,145.1400
 Braeside,-37.8600,145.1400
 Branditt,-37.8700,145.2400
 Brandon Park,-37.8700,145.2400
 Brandy Creek,-37.8700,145.2400
 Branxholme,-37.8700,145.2400
 Bravington,-37.8400,145.2700
 Braybrook,-37.8400,145.2700
 Braybrook North,-37.8500,145.3100
 Breakaway Creek,-37.8600,145.2800
 Breakwater,-37.8800,145.3000
 Breamlea,-37.8800,145.3000
 Brenanah,-37.8800,145.3000
 Brentford Square,-37.8800,145.3000
 Brewster,-37.8800,145.3000
 Briagolong,-37.9000,145.3300
 Briar Hill,-37.9200,145.4000
 Bridge Creek,-37.9200,145.4000
 Bridgewater,-37.9100,145.3600
 Bridgewater North,-37.9100,145.3600
 Bridgewater On Loddon,-37.9100,145.3600
 Bright,-37.9100,145.3600
 Brighton,-38.0300,145.3100
 Brighton East,-38.0300,145.3100
 Brighton North,-37.8800,145.0300
 Brighton Road,-37.8800,145.0300
 Brim,-37.8800,145.0300
 Brimboal,-37.8900,145.0600
 Brimin,-37.8900,145.0600
 Brimpaen,-37.8900,145.0600
 Bringalbert,-37.8900,145.0600
 Brit Brit,-38.0200,145.2400
 Broadford,-37.9300,145.0600
 Broadlands,-37.9300,145.0600
 Broadmeadows,-37.9000,145.0800
 Broadwater,-37.9000,145.0800
 Brodribb River,-37.9000,145.0800
 Broken Creek,-37.9000,145.0800
 Bromley,-37.9300,145.1000
 Brookfield,-37.9300,145.1200
 Brooklyn,-37.9300,145.1200
 Brookville,-37.9400,145.1000
 Broomfield,-37.9400,145.1000
 Broughton,-37.8700,145.1000
 Brown Hill,-37.8700,145.1000
 Browns Plains,-37.9500,145.1600
 Bruarong,-37.9500,145.1600
 Brucknell,-37.9700,145.1200
 Brumby,-37.9700,145.1200
 Brunswick,-37.9900,145.1500
 Brunswick East,-37.9700,145.1800
 Brunswick Lower,-37.9700,145.1800
 Brunswick North,-37.9700,145.1800
 Brunswick South,-38.0300,145.1800
 Brunswick West,-38.0300,145.1800
 Bruthen,-38.0300,145.1800
 Buangor,-38.0300,145.1800
 Buchan,-38.0300,145.1800
 Buchan South,-38.0300,145.1800
 Buckland,-38.0300,145.1800
 Buckley,0.0000,0.0000
 Buckley Swamp,-38.0000,145.2400
 Buckrabanyule,-38.0000,145.2400
 Budgee Budgee,-37.9300,145.2400
 Budgeree,-37.8600,145.2600
 Budgerum East,-37.8900,145.2500
 Buffalo,-37.8500,144.9900
 Buffalo River,-37.8500,144.9900
 Bulart,-37.8500,144.9900
 Buldah,-37.8700,144.9800
 Bulga,-37.8700,144.9800
 Bulgana,-37.8700,144.9800
 Bulla,-37.8700,145.0000
 Bullaharre,-37.8700,145.0000
 Bullarook,-37.8800,145.0000
 Bullarto,-37.8800,145.0000
 Bullarto South,-37.8800,145.0000
 Bulleen,-37.8800,145.0000
 Bulleen South,-37.8800,145.0000
 Bullengarook,-37.9100,144.9900
 Bullioh,-37.9100,144.9900
 Bullumwaal,-37.9100,144.9900
 Buln Buln,-37.9100,144.9900
 Buln Buln East,-37.9000,145.0000
 Bumberrah,-37.9000,145.0000
 Bunbartha,-37.9300,145.0300
 Bundalaguah,-37.9300,145.0300
 Bundalong,-37.9300,145.0300
 Bundalong South,-37.9300,145.0400
 Bundara,-37.9300,145.0400
 Bunding,-37.9300,145.0400
 Bundoora,-37.9500,145.0300
 Bung Bong,-37.9500,145.0100
 Bungador,-37.9600,145.0600
 Bungal,-37.9600,145.0600
 Bungalally,-37.9600,145.0600
 Bungaree,-37.9600,145.0600
 Bungeet,-37.9900,145.0300
 Bungeet West,-37.9900,145.0300
 Bungil,-37.9900,145.0300
 Bunguluke,-37.9900,145.0300
 Buninyong,-37.9800,145.0600
 Bunkers Hill,-37.9800,145.0600
 Bunyip,-37.9800,145.0600
 Bunyip North,-38.0300,145.1000
 Buragwonduc,-38.0300,145.1000
 Burkes Bridge,-38.0300,145.1000
 Burkes Flat,-38.0300,145.1000
 Burnbank,-38.0300,145.1000
 Burnewang,-38.0300,145.1000
 Burnley,-38.0300,145.1000
 Burnley North,-38.0600,145.1200
 Burnside,-38.0600,145.1200
 Burnside Heights,-38.0600,145.1200
 Burramboot,-38.0600,145.1200
 Burramine,-38.0800,145.1200
 Burramine South,-38.0800,145.1200
 Burrowye,-38.1100,145.1600
 Burrumbeet,-38.1100,145.1600
 Burwood,-38.1500,145.1200
 Burwood East,-38.1500,145.1200
 Burwood Heights,-38.1500,145.1200
 Bushfield,-38.1500,145.1200
 Bushy Park,-38.1500,145.1200
 Butchers Ridge,-38.1500,145.1200
 Buxton,-38.1700,145.1900
 Byaduk,-38.1700,145.1900
 Byaduk North,-38.0900,145.1900
 Byawatha,-37.9700,145.2100
 Bylands,-37.9200,145.0400
 Byrneside,-37.9200,145.0400
 Cabanandra,-37.9200,145.0400
 Cabarita,-37.9200,145.0400
 Cabbage Tree,-37.9300,145.0300
 Cabbage Tree Creek,-37.9300,145.0300
 Cadello,-37.8400,144.9600
 Cairnlea,-37.8400,144.9600
 Calder Park,-37.8300,144.9600
 Caldermeade,-37.8300,144.9600
 California Gully,-37.9700,144.5300
 Calivil,-38.0200,144.4100
 Callawadda,-38.0200,144.4100
 Callignee,-38.0200,144.4100
 Callignee North,-38.0700,144.3600
 Callignee South,-38.0700,144.3600
 Calrossie,-38.0700,144.3600
 Calulu,-38.1100,144.3300
 Cambarville,-38.1100,144.3300
 Camberwell,-38.1100,144.3300
 Camberwell East,-38.1100,144.3300
 Camberwell North,-38.1100,144.3300
 Camberwell South,-38.1100,144.3300
 Camberwell West,-38.1800,144.3400
 Cambrian Hill,-38.1800,144.3400
 Campbellfield,-38.1800,144.3400
 Campbells Bridge,-38.1800,144.3400
 Campbells Creek,-38.1800,144.3400
 Campbells Forest,-38.1800,144.3400
 Campbelltown,-38.1800,144.3400
 Camperdown,-38.1800,144.3400
 Canadian,-38.1800,144.3400
 Canary Island,-38.2000,144.3000
 Caniambo,-38.1400,144.3500
 Cann River,-38.1400,144.3500
 Cannie,-38.1400,144.3500
 Cannons Creek,-38.1800,144.3800
 Cannum,-38.1800,144.3800
 Canterbury,-38.1800,144.3800
 Cape Bridgewater,-38.1800,144.3800
 Cape Clear,-38.1800,144.3800
 Cape Conran,-38.1800,144.3800
 Cape Otway,-38.1800,145.1100
 Cape Paterson,-38.1800,145.1100
 Cape Schanck,-38.1800,145.1100
 Cape Woolamai,-38.1800,145.1100
 Capels Crossing,-37.9000,144.2500
 Carag Carag,-37.9000,144.2500
 Caralulup,-37.9000,144.2500
 Caramut,-37.9000,144.2500
 Carapooee,-37.9000,144.2500
 Carapooee West,-37.9000,144.2500
 Carapook,-37.9000,144.2500
 Carboor,-37.9000,144.2500
 Cardigan,-37.9000,144.2500
 Cardigan Village,-37.9000,144.2500
 Cardinia,-37.9000,144.2500
 Cardross,-37.9000,144.2500
 Cargerie,-37.9000,144.2500
 Carina,-37.9000,144.2500
 Caringal,-37.9000,144.2500
 Carisbrook,-37.9000,144.2500
 Carlisle River,-37.9000,144.2500
 Carlsruhe,-37.9000,144.2500
 Carlton,-37.9000,144.2500
 Carlton North,-37.9000,144.2500
 Carlton South,-37.9000,144.2500
 Carlyle,-38.1600,144.5600
 Carnegie,-38.1600,144.5600
 Carngham,-38.1600,144.5600
 Caroline Springs,-38.1600,144.5600
 Carpendeit,-38.1600,144.5600
 Carrajung,-38.1400,144.7100
 Carrajung Lower,-38.1400,144.7100
 Carrajung South,-38.1400,144.7100
 Carranballac,-38.1800,144.4600
 Carron,-38.2900,144.6100
 Carrum,-38.2900,144.6100
 Carrum Downs,-38.2900,144.6100
 Carwarp,-38.2900,144.6100
 Cashmore,-38.2700,144.5400
 Cassilis,-38.2800,144.4900
 Castella,-38.2800,144.4900
 Casterton,-38.2800,144.4900
 Castle Creek,-38.3300,144.2600
 Castle Donnington,-38.3300,144.2600
 Castlemaine,-38.3300,144.2600
 Catani,-38.3300,144.2600
 Cathcart,-38.4100,144.1900
 Cathkin,-38.4600,144.1100
 Catumnal,-38.4600,144.1100
 Caulfield,-38.4600,144.1100
 Caulfield East,-38.4600,144.1100
 Caulfield Junction,-38.4600,144.1100
 Caulfield North,-38.5200,144.0000
 Caulfield South,-38.7500,143.6700
 Caveat,-38.7500,143.6700
 Cavendish,-38.7500,143.6700
 Central Park,-38.7500,143.6700
 Ceres,-38.7500,143.6700
 Chadstone,-38.7500,143.6700
 Chadstone Centre,-38.4700,143.9300
 Chandlers Creek,-38.4700,143.9300
 Chapel Flat,-38.4700,143.9300
 Chapel Street North,-38.4700,143.9300
 Chapple Vale,-38.5200,143.7100
 Charam,-38.5200,143.7100
 Charleroi,-38.6900,143.5600
 Charlton,-38.6900,143.5600
 Chatsworth,-38.6900,143.5600
 Chelsea,-38.6900,143.5600
 Chelsea Heights,-38.6900,143.5600
 Cheltenham,-38.6900,143.5600
 Cheltenham East,-38.6900,143.5600
 Cheltenham North,-38.6900,143.5600
 Chepstowe,-38.7800,143.4300
 Cherokee,-38.7800,143.4300
 Cherrilong,-38.7800,143.4300
 Cherrypool,-38.7800,143.4300
 Cheshunt,-38.5600,143.4000
 Cheshunt South,-38.5600,143.4000
 Chesney Vale,-38.5600,143.4000
 Chetwynd,-38.5600,143.4000
 Chewton,-38.2200,144.0800
 Chewton Bushlands,-38.2200,144.0800
 Childers,-38.2200,144.0800
 Chillingollah,-38.2200,144.0800
 Chiltern,-38.2200,144.0800
 Chiltern Valley,-38.2200,144.0800
 Chinangin,-38.3700,143.9500
 Chinkapook,-38.3700,143.9500
 Chintin,-38.3700,143.9500
 Chirnside Park,-38.3700,143.9500
 Chirrip,-38.3700,143.9500
 Chocolyn,-38.3700,143.9500
 Christmas Hills,-38.3100,143.7900
 Chum Creek,-38.4700,143.7600
 Churchill,-38.4700,143.7600
 Churchill Island,-38.4700,143.7600
 Chute,-38.4700,143.7600
 Clarendon,-38.2400,143.4800
 Claretown,-38.2400,143.4800
 Clarinda,-38.2400,143.4800
 Clarkefield,-38.2400,143.4800
 Clarkes Hill,-38.2400,143.4800
 Clayton,-38.2400,143.4800
 Clayton South,-38.2400,143.4800
 Clear Lake,-38.2400,143.4800
 Clematis,-38.2400,143.4800
 Clifton Creek,-38.2400,143.4800
 Clifton Hill,-38.2400,143.4800
 Clifton Springs,-38.2400,143.4800
 Clonbinane,-38.2400,143.4800
 Clover Flat,-38.2400,143.4800
 Cloverlea,-38.2400,143.4800
 Club Terrace,-38.2400,143.4800
 Clunes,-38.2400,143.4800
 Clyde,-38.2400,143.4800
 Clyde North,-38.2400,143.4800
 Clydebank,-38.2400,143.4800
 Clydesdale,-38.2400,143.4800
 Coalville,-38.2400,143.4800
 Coatesville,-38.2400,143.4800
 Cobains,-38.2400,143.4800
 Cobaw,-38.2400,143.4800
 Cobbannah,-38.3400,143.5800
 Cobberas,-38.3400,143.5800
 Cobden,-38.3400,143.5800
 Cobram,-38.3400,143.5800
 Cobram,-38.1900,143.6400
 Cobram East,-38.1900,143.6400
 Cobrico,-38.1900,143.6400
 Cobungra,-38.1900,143.6400
 Coburg,-38.1900,143.6400
 Coburg North,-38.3000,143.5200
 Cocamba,-38.1300,143.1000
 Cochranes Creek,-38.1300,143.1000
 Cockatoo,-38.1300,143.1000
 Cocoroc,-38.1300,143.1000
 Codrington,-38.1300,143.1000
 Coghills Creek,-38.1300,143.1000
 Cohuna,-38.1300,143.1000
 Coimadai,-38.1300,143.1000
 Cokum,-38.1300,143.1000
 Colac,-38.1300,143.1000
 Colac Colac,-38.1300,143.1000
 Colac East,-38.1300,143.1000
 Colac West,-38.1300,143.1000
 Colbinabbin,-38.1300,143.1000
 Colbrook,-38.1300,143.1000
 Coldstream,-38.1300,143.1000
 Coleraine,-38.1300,143.1000
 Colignan,-38.1300,143.1000
 Collingwood,-38.2400,142.9100
 Collingwood North,-38.2100,143.0100
 Collins Street East,-38.2100,143.0100
 Collins Street West,-38.2100,143.0100
 Colliver,-38.2100,143.0100
 Combienbar,-38.2100,143.0100
 Concongella,-38.2100,143.0100
 Condah,-38.2100,143.0100
 Condah Swamp,-38.2100,143.0100
 Congupna,-38.2100,143.0100
 Connewarre,-38.2100,143.0100
 Connewirricoo,-38.2100,143.0100
 Coojar,-38.2100,143.0100
 Coolaroo,-38.2100,143.0100
 Cooma,-38.2100,143.0100
 Coomboona,-38.2100,143.0100
 Coomoora,-38.2100,143.0100
 Coongulla,-38.2100,143.0100
 Coonooer Bridge,-38.3400,143.1400
 Coonooer West,-38.3400,143.1400
 Coopers Creek,-38.3400,143.1400
 Cooriemungle,-38.3400,143.1400
 Cope Cope,-38.3400,143.1400
 Cora Lynn,-38.3400,143.1400
 Corack,-38.3400,143.1400
 Corack East,-38.3400,143.1400
 Coragulac,-38.3400,143.1400
 Coral Bank,-38.3400,143.1400
 Corindhap,-38.4500,143.1100
 Corinella,-38.4200,142.8600
 Corio,-38.4200,142.8600
 Corndale,-38.4200,142.8600
 Cornella,-38.4200,142.8600
 Cornishtown,-38.4200,142.8600
 Coronet Bay,-38.4200,142.8600
 Corop,-38.4200,142.8600
 Corop West,-38.4200,142.8600
 Cororooke,-38.4200,142.8600
 Corringle,-38.4200,142.8600
 Corryong,-38.4200,142.8600
 Corunnun,-38.4200,142.8600
 Cosgrove,-38.4200,142.8600
 Cosgrove South,-38.4200,142.8600
 Costerfield,-38.4200,142.8600
 Cotham,-38.4200,142.8600
 Cotswold,-38.4200,142.8600
 Cottles Bridge,-38.6200,143.0000
 Cowa,-38.6200,143.0000
 Cowangie,-38.6200,143.0000
 Cowes,-38.5800,142.8600
 Cowleys Creek,-38.0000,143.0500
 Cowwarr,-38.0000,143.0500
 Craigie,-38.0000,143.0500
 Craigieburn,-38.0800,142.8100
 Cranbourne,-38.0800,142.8100
 Cranbourne East,-38.0600,142.6100
 Cranbourne North,-37.9100,142.5200
 Cranbourne South,-38.3000,142.4600
 Cranbourne West,-38.0400,142.4400
 Creek Junction,-38.0400,142.4400
 Creightons Creek,-38.3900,142.5900
 Cremorne,-38.3900,142.5900
 Cressy,-38.3900,142.5900
 Creswick,-38.3900,142.5900
 Creswick North,-38.3900,142.5900
 Crib Point,-38.3900,142.5900
 Cromer,-38.2800,142.6200
 Crookayan,-38.2800,142.6200
 Crooked River,-38.2100,142.6600
 Cross Roads,-38.2100,142.6600
 Crossley,-38.3600,142.4400
 Crossover,-38.3600,142.4400
 Crowlands,-38.3600,142.4400
 Croxton East,-38.3600,142.4400
 Croydon,-38.3300,142.5100
 Croydon Hills,-38.3300,142.5100
 Croydon North,-38.3300,142.5100
 Croydon South,-38.3300,142.5100
 Crymelon,-38.3300,142.4100
 Crystal Creek,-38.3300,142.4100
 Cudgee,-38.3100,142.3300
 Cudgewa,-38.3100,142.3300
 Culgoa,-38.3100,142.3300
 Culla,-38.3100,142.3300
 Cullen,-38.3100,142.3300
 Cullulleraine,-38.3100,142.3300
 Cundare,-38.3100,142.3300
 Cundare North,-38.3100,142.3300
 Curdies River,-38.3100,142.3300
 Curdievale,-38.3100,142.3300
 Curlewis,-38.2100,142.1500
 Curyo,-38.2100,142.1500
 Dadswells Bridge,-38.2700,141.9700
 Daisy Hill,-38.2700,141.9700
 Dales Creek,-38.2700,141.9700
 Dallas,-38.2700,141.9700
 Dalmore,-38.2700,141.9700
 Daltons Bridge,-38.2700,141.9700
 Dalyenong,-38.2700,141.9700
 Dalyston,-38.2700,141.9700
 Dandenong,-37.9700,141.8300
 Dandenong East,-37.9700,141.8300
 Dandenong North,-37.9700,141.8300
 Dandenong Plaza,-37.9700,141.8300
 Dandenong South,-38.1100,142.3200
 Dandongadale,-37.9000,142.1700
 Dargo,-37.9000,142.1700
 Darley,-37.9000,142.1700
 Darlimurla,-37.9000,142.1700
 Darling,-37.9000,142.1700
 Darling South,-38.0500,141.0100
 Darlington,-37.6400,142.5500
 Darnum,-37.6400,142.5500
 Darraweit Guim,-37.6400,142.5500
 Darriman,-37.6500,142.3400
 Dartmoor,-37.6500,142.3400
 Dartmouth,-37.6500,142.3400
 Dawson,-37.6500,142.3400
 Daylesford,-37.6500,142.3400
 Deakin University,-37.6500,142.3400
 Dean,-37.6500,142.3400
 Deans Marsh,-37.8800,141.9600
 Deddick Valley,-37.8800,141.9600
 Dederang,-37.7000,141.9300
 Deep Lead,-37.7000,141.9300
 Deer Park,-37.7000,141.9300
 Deer Park East,-37.7000,141.9300
 Deer Park North,-37.7000,141.9300
 Delacombe,-37.7000,141.9300
 Delahey,-37.7000,141.9300
 Delatite,-37.7000,141.9300
 Delburn,-37.7000,141.9300
 Dendy,-37.7000,141.9300
 Denicull Creek,-37.7000,141.9300
 Denison,-37.7000,141.9300
 Dennington,-37.7000,141.9300
 Denver,-37.7000,141.9300
 Deptford,-37.7000,141.9300
 Derby,-37.8600,141.7900
 Dereel,-37.8600,141.7900
 Dergholm,-38.0300,141.8100
 Derrimut,-38.0300,141.8100
 Derrinal,-38.0300,141.8100
 Derrinallum,-38.0300,141.8100
 Devenish,-38.0300,141.8100
 Devils River,-38.1500,141.9700
 Devon Meadows,-38.1500,141.9700
 Devon North,-38.1500,141.9700
 Dewhurst,-38.1500,141.9700
 Dhurringile,-38.1500,141.9700
 Diamond Creek,-38.1500,141.9700
 Digby,-38.1500,141.9700
 Diggers Rest,-38.1500,141.9700
 Diggora,-38.1500,141.9700
 Dimboola,-38.1500,141.9700
 Dingee,-38.1500,141.9700
 Dingley Village,-38.1500,141.9700
 Dingwall,-38.2700,141.6500
 Dinner Plain,-38.2700,141.6500
 Dixie,-38.2700,141.6500
 Dixons Creek,-38.2700,141.6500
 Dobie,-38.2700,141.6500
 Docker,-38.2700,141.6500
 Dockers Plains,-38.2700,141.6500
 Docklands,-38.2700,141.6500
 Doctors Flat,-38.2700,141.6500
 Dollar,-38.2700,141.6500
 Domain Road Po,-38.2700,141.6500
 Don Valley,-37.7900,141.5000
 Donald,-37.7200,141.5500
 Doncaster,-37.7200,141.5500
 Doncaster East,-37.5800,141.4100
 Doncaster Heights,-37.5800,141.4100
 Donnybrook,-37.6400,141.3700
 Donvale,-37.6400,141.3700
 Dooboobetic,-37.6400,141.3700
 Dooen,-37.6400,141.3700
 Dookie,-37.6400,141.3700
 Dookie College,-37.6400,141.3700
 Doreen,-37.6400,141.3700
 Dorodong,-37.6400,141.3700
 Double Bridges,-37.6400,141.3700
 Douglas,-37.6400,141.3700
 Doveton,-37.6400,141.3700
 Dreeite,-37.6400,141.3700
 Dreeite South,-37.6400,141.3700
 Driffield,-37.6400,141.3700
 Drik Drik,-37.6400,141.3700
 Dromana,-37.6400,141.3700
 Dropmore,-37.6400,141.3700
 Drouin,-37.6400,141.3700
 Drouin East,-37.6400,141.3700
 Drouin South,-37.5900,141.9400
 Drouin West,-37.5900,141.9400
 Drumanure,-37.5900,141.9400
 Drumborg,-37.5900,141.9400
 Drumcondra,-37.5900,141.9400
 Drummartin,-37.4400,141.7600
 Drummond,-37.4400,141.7600
 Drummond North,-37.4400,141.7600
 Drung,-37.4400,141.7600
 Dry Diggings,-37.4400,141.7600
 Drysdale,-37.4400,141.7600
 Duchembegarra,-37.4400,141.7600
 Dumbalk,-37.4400,141.7600
 Dumbalk North,-37.4400,141.7600
 Dumosa,-37.4400,141.7600
 Dunach,-37.4400,141.7600
 Dundonnell,-37.4400,141.7600
 Dunearn,-37.4400,141.7600
 Dunkeld,-37.4400,141.7600
 Dunkirk,-37.4400,141.7600
 Dunluce,-37.4400,141.7600
 Dunneworthy,-37.4400,141.7600
 Dunnstown,-37.1200,141.6000
 Dunolly,-36.9900,141.5100
 Dunrobin,-36.9900,141.5100
 Durdidwarrah,-36.9900,141.5100
 Durham Lead,-36.9900,141.5100
 Durham Ox,-36.9900,141.5100
 Dutson,-36.9900,141.5100
 Dutson Downs,-36.9900,141.5100
 Dutton Way,-36.9700,141.0800
 Duverney,-36.9700,141.0800
 Eagle Point,-36.9700,141.0800
 Eaglehawk,-38.1100,143.8600
 Eaglehawk North,-38.1100,143.8600
 Eaglemont,-38.1100,143.8600
 Earlston,-38.0300,143.6400
 East Bairnsdale,-37.9900,143.4900
 East Bendigo,-37.9900,143.4900
 East Geelong,-37.9900,143.4900
 East Melbourne,-37.9500,143.3400
 East Sale,-37.9500,143.3400
 East Wangaratta,-37.9500,143.2200
 East Warburton,-37.9500,143.2200
 Eastern View,-37.9500,143.2200
 Eastville,-37.9500,143.2200
 Ebden,-38.0400,144.0500
 Echuca,-38.0200,143.8600
 Echuca South,-38.0200,143.8600
 Echuca Village,-38.0200,143.8600
 Echuca West,-37.8400,143.6800
 Ecklin South,-38.0500,144.1700
 Eddington,-38.0500,144.1700
 Eden Park,-38.0500,144.1700
 Edenhope,-38.0500,144.1700
 Edgecombe,-38.0500,144.1700
 Edi,-38.0500,144.1700
 Edi Upper,-38.0500,144.1700
 Edithvale,-37.9600,144.1400
 Eganstown,-37.9200,144.0300
 Eildon,-37.9200,144.0300
 Elaine,-37.7100,144.0900
 Eldorado,-37.7100,144.0900
 Elevated Plains,-37.7100,144.0900
 Elingamite,-37.7100,144.0900
 Elingamite North,-37.7100,144.0900
 Ellaswood,-37.6900,144.6900
 Ellerslie,-37.6900,144.6900
 Elliminyt,-37.6800,144.5900
 Ellinbank,-37.6800,144.5900
 Elmhurst,-37.6800,144.5900
 Elmore,-37.6800,144.5900
 Elphinstone,-37.7000,144.5400
 Elsternwick,-37.7000,144.5400
 Eltham,-37.7000,144.5400
 Eltham North,-37.7000,144.5400
 Elwood,-37.6800,144.4400
 Emerald,-37.6800,144.4400
 Emu,-37.6800,144.4400
 Emu Creek,-37.6800,144.4400
 Endeavour Hills,-37.6800,144.4400
 Enfield,-37.6800,144.4400
 Englefield,-37.6800,144.4400
 Enochs Point,-37.6800,144.4400
 Ensay,-37.6800,144.4400
 Ensay North,-37.6800,144.4400
 Eppalock,-37.6800,144.4400
 Epping,-37.6800,144.4400
 Epping DC,-37.5200,144.3100
 Epsom,-37.5200,144.3100
 Ercildoune,-37.5200,144.3100
 Erica,-37.5200,144.3100
 Errinundra,-37.5200,144.3100
 Eskdale,-37.6000,144.2300
 Esmond,-37.6000,144.2300
 Essendon,-37.6000,144.2300
 Essendon Fields,-37.6000,144.2300
 Essendon North,-37.6000,144.2300
 Essendon West,-37.6000,144.2300
 Eumemmerring,-37.6000,144.2300
 Eurack,-37.6000,144.2300
 Eureka,-37.6000,144.2300
 Euroa,-37.5900,144.1000
 Eurobin,-37.5600,143.8200
 Evansford,-37.5600,143.8200
 Eversley,-37.5600,143.8200
 Everton,-37.5600,143.8200
 Everton Upper,-37.5600,143.8200
 Exford,-37.5600,143.8200
 Eynesbury,-37.5600,143.8200
 Fairbank,-37.5600,143.8200
 Fairfield,-37.5600,143.8200
 Fairhaven,-37.5600,143.8200
 Fairley,-37.5600,143.8200
 Fairy Dell,-37.5600,143.8200
 Falls Creek,-37.5600,143.8200
 Faraday,-37.5600,143.8200
 Fawcett,-37.5600,143.8200
 Fawkner,-37.5600,143.8200
 Fawkner East,-37.5600,143.8200
 Fawkner North,-37.5600,143.8200
 Fentons Creek,-37.5600,143.8200
 Ferguson,-37.5600,143.8200
 Fern Hill,-37.7700,143.6800
 Fernbank,-37.7700,143.6800
 Ferndale,-37.7700,143.6800
 Fernihurst,-37.7700,143.6800
 Fernshaw,-37.7700,143.6800
 Ferntree Gully,-37.7700,143.6800
 Ferny Creek,-37.7700,143.6800
 Fiery Flat,-37.7700,143.6800
 Fingal,-37.7700,143.6800
 Fish Creek,-37.7700,143.6800
 Fish Point,-37.7700,143.6800
 Fiskville,-37.7700,143.6800
 Fitzroy,-37.7700,143.6800
 Fitzroy North,-37.7700,143.6800
 Flaggy Creek,-37.7700,143.6800
 Flagstaff,-37.7700,143.6800
 Flamingo Beach,-37.7700,143.6800
 Flemington,-37.7700,143.6800
 Flinders,-37.7700,143.6800
 Flinders Lane,-37.7700,143.6800
 Flora Hill,-37.7700,143.6800
 Flowerdale,-37.7700,143.6800
 Flynn,-37.7700,143.6800
 Flynns Creek,-37.7700,143.6800
 Footscray,-37.7700,143.6800
 Forbes,-37.7700,143.6800
 Forest Hill,-37.3800,143.6700
 Forge Creek,-37.3800,143.6700
 Forrest,-37.3800,143.6700
 Foster,-37.3800,143.6700
 Foster North,-37.3800,143.6700
 Fosterville,-37.3800,143.6700
 Fountain Gate,-37.3800,143.6700
 Foxhow,-37.3800,143.6700
 Framlingham,-37.3800,143.6700
 Framlingham East,-37.3800,143.6700
 Franklinford,-37.3800,143.6700
 Frankston,-37.3800,143.6700
 Frankston East,-37.3800,143.6700
 Frankston Heights,-37.3800,143.6700
 Frankston North,-37.3800,143.6700
 Frankston South,-37.3800,143.6700
 Freeburgh,-37.3800,143.6700
 French Island,-37.3800,143.6700
 Frenchmans,-37.3800,143.6700
 Freshwater Creek,-37.3800,143.6700
 Fryerstown,-37.3800,143.6700
 Fulham,-37.3800,143.6700
 Fumina,-37.3800,143.6700
 Fumina South,-37.3800,143.6700
 Fyans Creek,-37.3800,143.6700
 Fyansford,-37.3800,143.6700
 Gaffneys Creek,-37.3800,143.6700
 Gainsborough,-37.3800,143.6700
 Gannawarra,-37.3800,143.6700
 Gapsted,-37.3800,143.6700
 Garden City,-37.3800,143.6700
 Gardenvale,-37.3800,143.6700
 Garfield,-37.3800,143.6700
 Garfield North,-37.3800,143.6700
 Garibaldi,-37.3800,143.6700
 Garvoc,-37.3800,143.6700
 Gateway Island,-37.3800,143.6700
 Gatum,-37.3800,143.6700
 Gazette,-37.3800,143.6700
 Geelong,-37.3800,143.6700
 Geelong MC,-37.3800,143.6700
 Geelong North,-37.3800,143.6700
 Geelong West,-37.3800,143.6700
 Gelantipy,-37.3800,143.6700
 Gellibrand,-37.3800,143.6700
 Gellibrand Lower,-37.3800,143.6700
 Gelliondale,-37.3800,143.6700
 Gembrook,-37.3800,143.6700
 Genoa,-37.3800,143.6700
 Gentle Annie,-37.3800,143.6700
 Georges Creek,-37.3800,143.6700
 Gerahmin,-37.3800,143.6700
 Gerang Gerung,-37.3800,143.6700
 Gerangamete,-37.3800,143.6700
 Germania,-37.3800,143.6700
 Germantown,-37.3800,143.6700
 Gerrigerrup,-37.3800,143.6700
 Gherang,-37.3800,143.6700
 Gheringhap,-37.3800,143.6700
 Ghin Ghin,-37.7800,144.8400
 Giffard,-37.5600,143.8700
 Giffard West,-37.5600,143.8700
 Gil Gil,-37.5500,143.8200
 Gilberton,-37.5500,143.8200
 Gilderoy,-37.5500,143.8200
 Gillieston,-37.5500,143.8200
 Gillum,-37.5900,143.8300
 Gippsland MC,-37.5900,143.8300
 Gipsy Point,-37.6500,143.9200
 Girgarre,-37.6500,143.9200
 Girgarre East,-37.6900,143.5600
 Gisborne,-37.6900,143.5600
 Gisborne South,-37.6900,143.5600
 Gladfield,-37.6900,143.5600
 Gladstone Park,-37.6900,143.5600
 Gladysdale,-37.7800,143.4100
 Glen Alvie,-37.7800,143.4100
 Glen Creek,-37.7800,143.4100
 Glen Forbes,-37.4200,143.8900
 Glen Huntly,-37.4200,143.8900
 Glen Iris,-37.4200,143.8900
 Glen Park,-37.4200,143.8900
 Glen Valley,-37.4200,143.8900
 Glen Waverley,-37.4200,143.8900
 Glen Wills,-37.4200,143.8900
 Glenaire,-37.3700,143.9400
 Glenaladale,-37.3700,143.9400
 Glenalbyn,-37.3700,143.9400
 Glenaroua,-37.3700,143.9400
 Glenbrae,-37.3700,143.9400
 Glenburn,-37.3700,143.9400
 Glendaruel,-37.3700,143.9400
 Glendonald,-37.3700,143.9400
 Glenfalloch,-37.3700,143.9400
 Glenferrie South,-37.3700,143.9400
 Glenfyne,-37.3700,143.9400
 Glengala,-37.3700,143.9400
 Glengarry,-37.3700,143.9400
 Glengarry North,-37.3700,143.9400
 Glengarry West,-37.3700,143.9400
 Glengower,-37.3700,143.9400
 Glenhope,-37.3700,143.9400
 Glenhope East,-37.3700,143.9400
 Glenisla,-37.3700,143.9400
 Glenlee,-37.3700,143.9400
 Glenlofty,-37.3700,143.9400
 Glenlogie,-37.3700,143.9400
 Glenloth,-37.2900,143.7900
 Glenloth East,-37.2900,143.7900
 Glenluce,-37.2900,143.7900
 Glenlyon,-37.2900,143.7900
 Glenmaggie,-37.1500,143.6700
 Glenmore,-37.1500,143.6700
 Glenorchy,-37.1500,143.6700
 Glenormiston North,-37.1500,143.6700
 Glenormiston South,-37.1500,143.6700
 Glenpatrick,-37.1500,143.6700
 Glenrowan,-37.1500,143.6700
 Glenrowan West,-37.1500,143.6700
 Glenroy,-37.1500,143.6700
 Glenthompson,-37.1500,143.6700
 Glomar Beach,-37.4300,143.3800
 Gnarwarre,-37.4300,143.3800
 Gnotuk,-37.4300,143.3800
 Gobarup,-37.4300,143.3800
 Gobur,-37.4300,143.3800
 Golden Beach,-37.4300,143.3800
 Golden Gully,-37.4300,143.3800
 Golden Point,-37.4300,143.3800
 Golden Square,-37.4300,143.3800
 Goldie,-37.4300,143.3800
 Goldsborough,-37.4300,143.3800
 Gong Gong,-37.5500,143.9330
 Gonn Crossing,-37.4300,143.1300
 Goomalibee,-37.4300,143.1300
 Goon Nure,-37.4300,143.1300
 Goongerah,-37.4300,143.1300
 Gooram,-37.2800,142.9300
 Gooramadda,-37.2800,142.9300
 Goorambat,-37.2800,142.9300
 Goornong,-37.2800,142.9300
 Gooroc,-37.2800,142.9300
 Gorae,-37.2800,142.9300
 Gorae West,-37.2800,142.9300
 Gordon,-37.2800,142.9300
 Gormandale,-37.2800,142.9300
 Goroke,-37.2800,142.9300
 Goschen,-37.2800,142.9300
 Goughs Bay,-37.2800,142.9300
 Goulburn Weir,-37.2800,142.9300
 Gowanbrae,-37.2800,142.9300
 Gowanford,-37.2800,142.9300
 Gowangardie,-37.2800,142.9300
 Gowar East,-37.2800,142.9300
 Gower,-37.2800,142.9300
 Grahamvale,-37.2800,142.9300
 Grampians,-37.2800,142.9300
 Grand Ridge,-37.5300,142.9400
 Granite Flat,-37.5300,142.9400
 Granite Rock,-37.5300,142.5200
 Grantville,-37.5300,142.5200
 Granya,-37.5300,142.5200
 Grass Flat,-37.5300,142.5200
 Grassdale,-37.5300,142.5200
 Grassmere,-37.5300,142.5200
 Grays Bridge,-37.5300,142.5200
 Graytown,-37.1600,142.7000
 Gre Gre,-37.1600,142.7000
 Gre Gre North,-36.9400,143.2100
 Gre Gre South,-36.9400,143.2100
 Great Southern,-36.9400,143.2100
 Great Western,-36.9400,143.2100
 Gredgwin,-36.9400,143.2100
 Green Gully,-36.9400,143.2100
 Greendale,-36.9400,143.2100
 Greenhill,-36.9400,143.2100
 Greens Creek,-36.9400,143.2100
 Greensborough,-36.9400,143.2100
 Greenvale,-36.9400,143.2100
 Greenwald,-36.9800,143.2000
 Grenville,-36.9800,143.2000
 Greta,-36.9800,143.2000
 Greta South,-36.9800,143.2000
 Greta West,-36.9800,143.2000
 Grey River,-36.9800,143.2000
 Greythorn,-36.9800,143.2000
 Gringegalgona,-36.9800,143.2000
 Gritjurk,-36.9800,143.2000
 Grovedale,-36.9800,143.2000
 Grovedale East,-36.9200,142.5100
 Gruyere,-36.9200,142.5100
 Guildford,-36.9200,142.5100
 Gunbower,-36.9200,142.5100
 Gundowring,-36.9200,142.5100
 Gunyah,-36.9200,142.5100
 Guys Forest,-36.9200,142.5100
 Guys Hill,-36.9200,142.5100
 Gymbowen,-36.6700,142.8700
 Haddon,-36.6700,142.8700
 Hadfield,-36.6700,142.8700
 Hallam,-36.6700,142.8700
 Hallora,-36.6700,142.8700
 Halls Gap,-36.6700,142.8700
 Hallston,-36.6700,142.8700
 Hamilton,-36.6700,142.8700
 Hamlyn Heights,-36.6700,142.8700
 Hampton,-36.6700,142.8700
 Hampton East,-36.6700,142.8700
 Hampton North,-36.5700,142.8200
 Hampton Park,-36.5700,142.8200
 Hansonville,-36.4500,142.4200
 Happy Valley,-36.4500,142.4200
 Happy Valley,-36.0700,142.5200
 Harcourt,-36.4600,142.5900
 Harcourt North,-36.4600,142.5900
 Harkaway,-36.4600,142.5900
 Harmers Haven,-36.3300,142.3600
 Harrietville,-36.3300,142.3600
 Harrow,-36.3300,142.3600
 Harston,-36.3300,142.3600
 Hartwell,-36.3300,142.3600
 Hastings,-36.3300,142.3600
 Hattah,-36.3300,142.3600
 Havelock,-36.3300,142.3600
 Haven,-36.3300,142.3600
 Havilah,-35.9400,142.4200
 Hawkesdale,-35.9400,142.4200
 Hawkhurst,-35.9400,142.4200
 Hawksburn,-35.9400,142.4200
 Hawthorn,-35.7300,142.3600
 Hawthorn East,-36.7100,142.2000
 Hawthorn North,-36.7100,142.2000
 Hawthorn West,-36.4600,142.3100
 Haydens Bog,-36.4600,142.3100
 Hazel Park,-36.4600,142.3100
 Hazeldene,-36.4600,142.3100
 Hazelwood,-36.4600,142.3100
 Hazelwood North,-36.4600,142.3100
 Hazelwood South,-36.4600,142.3100
 Healesville,-36.4600,142.3100
 Healesville Main Street,-36.4600,142.3100
 Healesville Post Shop,-36.4600,142.3100
 Heath Hill,-36.4600,142.3100
 Heathcote,-36.4600,142.3100
 Heathcote Junction,-36.4600,142.3100
 Heathcote South,-36.4600,142.3100
 Heatherton,-36.4600,142.3100
 Heathmere,-36.4600,142.3100
 Heathmont,-36.4600,142.3100
 Heathwood,-36.4600,142.3100
 Hedley,-36.4600,142.3100
 Heidelberg,-36.4600,142.3100
 Heidelberg Heights,-36.4600,142.3100
 Heidelberg Rgh,-36.4600,142.3100
 Heidelberg West,-36.4600,142.3100
 Hensley Park,-36.4600,142.3100
 Henty,-36.4600,142.3100
 Hepburn,-36.4600,142.3100
 Hepburn Springs,-36.4600,142.3100
 Herne Hill,-36.4600,142.3100
 Hernes Oak,-36.4600,142.3100
 Hesket,-36.4600,142.3100
 Hesse,-36.4600,142.3100
 Hexham,-36.4600,142.3100
 Heyfield,-36.4600,142.3100
 Heytesbury Lower,-37.1600,142.6700
 Heywood,-37.2500,141.8400
 Hiamdale,-37.2500,141.8400
 Hiawatha,-37.2500,141.8400
 High Camp,-37.2500,141.8400
 Highett,-37.2500,141.8400
 Highlands,-36.7800,141.7600
 Highpoint City,-36.7800,141.7600
 Highton,-36.7800,141.7600
 Hilgay,-36.7800,141.7600
 Hill End,-36.7800,141.7600
 Hillcrest,-36.7800,141.7600
 Hilldene,-36.7800,141.7600
 Hillside,-36.7800,141.7600
 Hinnomunjie,-36.7800,141.7600
 Hmas Cerberus,-36.7800,141.7600
 Hoddles Creek,-36.7800,141.7600
 Hollands Landing,-36.7500,141.4700
 Holmesglen,-36.7100,141.1800
 Homebush,-36.7100,141.1800
 Homerton,-36.7100,141.1800
 Homewood,-36.7100,141.1800
 Hopetoun,-36.3000,142.0200
 Hopetoun Gardens,-36.3000,142.0200
 Hopetoun Park,-36.3000,142.0200
 Hoppers Crossing,-36.3800,141.3600
 Hordern Vale,-36.1700,141.3300
 Horfield,-36.1700,141.3300
 Horsham,-36.1700,141.3300
 Horsham West,-36.1700,141.3300
 Hotham Heights,-36.1700,141.3300
 Hotham Hill,-36.1700,141.3300
 Hotspur,-36.1700,141.3300
 Houston,-36.1700,141.3300
 Howes Creek,-36.1700,141.3300
 Howitt Plains,-36.3800,141.2400
 Howqua,-36.3600,141.1200
 Howqua Hills,-36.3600,141.1200
 Howqua Inlet,-36.3600,141.1200
 Hughesdale,-36.1400,141.9900
 Humevale,-35.6900,141.9700
 Hunter,-35.6900,141.9700
 Hunterston,-35.6900,141.9700
 Huntingdale,-37.6300,144.7200
 Huntly,-37.6400,144.8000
 Huntly North,-37.5800,144.7300
 Huon,-37.5800,144.7300
 Huon Creek,-37.4800,144.7500
 Hurstbridge,-37.4600,144.6700
 Icy Creek,-37.4300,144.7800
 Iguana Creek,-37.6883,147.3494
 Illabarook,-37.3900,144.6400
 Illawarra,-37.3900,144.6400
 Illowa,-37.3900,144.6400
 Indented Head,-37.3900,144.6400
 Indigo Valley,-37.1900,144.6900
 Inglewood,-37.1900,144.6900
 Ingliston,-37.1900,144.6900
 Inkerman,-37.1900,144.6900
 Invergordon,-37.5200,144.4800
 Inverleigh,-37.5200,144.4800
 Inverloch,-37.5200,144.4800
 Invermay,-37.4600,144.6000
 Invermay Park,-37.4000,144.5900
 Iona,-37.4000,144.5900
 Iraak,-37.3900,144.4500
 Irishtown,-37.3900,144.4500
 Ironbark,-37.3900,144.4500
 Irrewarra,-37.3900,144.4500
 Irrewillipe,-37.3900,144.4500
 Irrewillipe East,-37.3900,144.4500
 Irymple,-37.3900,144.4500
 Ivanhoe,-37.3900,144.4500
 Ivanhoe East,-37.0900,144.5100
 Ivanhoe North,-37.0900,144.5100
 Jacana,-37.0900,144.5100
 Jack River,-37.0900,144.5100
 Jackass Flat,-37.0900,144.5100
 Jacob Creek,-37.0900,144.5100
 Jam Jerrup,-37.0900,144.5100
 Jamieson,-37.0900,144.5100
 Jan Juc,-37.0900,144.5100
 Jancourt,-37.0900,144.5100
 Jancourt East,-37.0900,144.5100
 Jarklin,-37.0900,144.5100
 Jarrahmond,-37.0900,144.5100
 Jarvis Creek,-37.0900,144.5100
 Jeeralang,-37.0900,144.5100
 Jeeralang Junction,-37.0900,144.5100
 Jeetho,-37.0900,144.5100
 Jeffcott,-37.0900,144.5100
 Jeffcott North,-37.0900,144.5100
 Jeparit,-37.0900,144.5100
 Jericho,-37.0900,144.5100
 Jeruk,-37.0900,144.5100
 Jil Jil,-37.2000,144.2900
 Jilpanger,-37.2000,144.2900
 Jindivick,-37.1300,144.3600
 Joel Joel,-37.1100,144.3400
 Joel South,-37.1100,144.3400
 Johanna,-37.1100,144.3400
 Johnsonville,-37.0600,144.2200
 Johnstones Hill,-37.0600,144.2200
 Jordanville,-37.0300,144.2400
 Joyces Creek,-37.0300,144.2400
 Jumbuk,-37.0300,144.2400
 Jumbunna,-37.0300,144.2400
 Junction Village,-37.0300,144.2400
 Jung,-37.0300,144.2400
 Jungaburra,-37.0300,144.2400
 Junortoun,-37.0300,144.2400
 Kaarimba,-37.0300,144.2400
 Kadnook,-37.0300,144.2400
 Kalimna,-37.0300,144.2400
 Kalimna West,-37.0300,144.2400
 Kalkallo,-37.0300,144.2400
 Kalkee,-37.0300,144.2400
 Kallista,-37.0300,144.2400
 Kalorama,-37.0300,144.2400
 Kalpienung,-37.0000,144.2600
 Kamarooka,-37.0000,144.2600
 Kamarooka North,-37.0000,144.2600
 Kanagulk,-37.0000,144.2600
 Kancoona,-37.4500,144.2900
 Kangaroo Flat,-37.4500,144.2900
 Kangaroo Ground,-37.4500,144.2900
 Kaniva,-37.4500,144.2900
 Kanumbra,-37.4500,144.2900
 Kanya,-37.4500,144.2900
 Kanyapella,-37.4500,144.2900
 Karabeal,-37.4500,144.2900
 Kardella,-37.4500,144.2900
 Kardella South,-37.3100,144.0900
 Kariah,-37.3100,144.0900
 Karingal,-37.3900,144.2200
 Karingal Centre,-37.3900,144.2200
 Karnak,-37.3900,144.2200
 Karramomus,-37.3900,144.2200
 Karyrie,-37.3900,144.2200
 Katamatite,-37.3900,144.2200
 Katamatite East,-37.3900,144.2200
 Katandra,-37.3900,144.2200
 Katandra West,-37.3900,144.2200
 Katunga,-37.3900,144.2200
 Kawarren,-37.3900,144.2200
 Kealba,-37.3900,144.2200
 Keely,-37.3900,144.2200
 Keilor,-37.3900,144.2200
 Keilor Downs,-37.3900,144.2200
 Keilor East,-37.3900,144.2200
 Keilor Lodge,-37.3900,144.2200
 Keilor North,-37.3900,144.2200
 Keilor Park,-37.3900,144.2200
 Kellalac,-37.3900,144.2200
 Kelvin View,-37.3900,144.2200
 Kenley,-37.3900,144.2200
 Kenmare,-37.3900,144.2200
 Kennedys Creek,-37.3900,144.2200
 Kennett River,-37.3900,144.2200
 Kennington,-37.3900,144.2200
 Kensington,-37.3900,144.2200
 Keon Park,-37.3900,144.2200
 Kerang,-37.1100,144.1000
 Kerang East,-37.1100,144.1000
 Kergunyah,-37.1100,144.1000
 Kergunyah South,-37.1100,144.1000
 Kernot,-37.1100,144.1000
 Kerrie,-37.1100,144.1000
 Kerrimuir,-36.9800,143.9500
 Kerrisdale,-36.9800,143.9500
 Kevington,-36.9800,143.9500
 Kew,-36.9800,143.9500
 Kew East,-36.9800,143.9500
 Kewell,-36.9800,143.9500
 Keysborough,-36.9800,143.9500
 Kialla,-36.9800,143.9500
 Kialla East,-36.9800,143.9500
 Kialla West,-36.9800,143.9500
 Kiata,-36.9800,143.9500
 Kiewa,-36.9800,143.9500
 Kilcunda,-37.0100,143.8000
 Killara,-37.0700,143.6800
 Killarney,-37.0700,143.6800
 Killawarra,-37.0700,143.6800
 Killingworth,-37.0700,143.6800
 Kilmany,-37.0700,143.6800
 Kilmore,-37.0700,143.6800
 Kilmore East,-37.0700,143.6800
 Kilsyth,-37.0700,143.6800
 Kilsyth South,-37.0700,143.6800
 Kimbolton,-37.0700,143.6800
 King Valley,-37.0700,143.6800
 Kinglake,-37.0700,143.6800
 Kinglake Central,-37.0700,143.6800
 Kinglake West,-37.0700,143.6800
 Kingower,-37.0700,143.6800
 Kings Park,-37.0700,143.6800
 Kingsbury,-37.0700,143.6800
 Kingston,-37.0700,143.6800
 Kingsville,-37.0700,143.6800
 Kingsville West,-37.0700,143.6800
 Kinnabulla,-37.0700,143.6800
 Kinypanial,-37.0900,143.4700
 Kirkstall,-37.1800,143.4000
 Kirwans Bridge,-37.1800,143.4000
 Kithbrook,-37.1800,143.2500
 Knebsworth,-37.1800,143.2500
 Knockwood,-37.1800,143.2500
 Knowsley,-37.1800,143.2500
 Knox City Centre,-37.1800,143.2500
 Knoxfield,-36.9200,143.7600
 Koallah,-36.9200,143.7600
 Koetong,-36.9200,143.7600
 Kolora,-36.9200,143.7600
 Kongwak,-36.9200,143.7600
 Konongwootong,-36.9200,143.7600
 Koo Wee Rup,-36.9200,143.7600
 Koo Wee Rup North,-36.9200,143.7600
 Kooloonong,-36.9200,143.7600
 Koonda,-36.9200,143.7600
 Koondrook,-36.9200,143.7600
 Koonoomoo,-36.8300,143.5000
 Koonwarra,-36.8300,143.5000
 Kooreh,-36.8300,143.5000
 Koorlong,-36.8300,143.5000
 Koornalla,-36.8300,143.5000
 Kooroocheang,-36.8300,143.5000
 Koorool,-36.8300,143.5000
 Koorooman,-38.4832,146.0455
 Kooyong,-37.9500,145.0500
 Koriella,-37.1569,145.6593
 Korobeit,-37.5200,144.3100
 Koroit,-38.2918,142.3673
 Korong Vale,-36.3566,143.7059
 Koroop,-35.7670,144.1000
 Korumburra,-38.4319,145.8326
 Korumburra South,-38.4641,145.8511
 Korweinguboora,-37.4500,144.1330
 Kotta,-36.2000,144.5330
 Kotupna,-36.1454,145.1294
 Koyuga,-36.2342,144.9026
 Krowera,-38.4330,145.6670
 Kulwin,-35.0330,142.6170
 Kunat,-35.5500,143.5170
 Kunyung,-38.2051,145.0937
 Kurraca,-36.5215,143.6078
 Kurraca West,-36.5000,143.5670
 Kurting,-36.5330,143.8500
 Kurunjang,-37.6662,144.5953
 Kyabram,-36.3135,145.0496
 Kyabram South,-36.3808,145.0669
 Kyneton,-37.2491,144.4532
 Kyneton South,-37.2864,144.4463
 Kyvalley,-36.2842,145.0057
 La Trobe University,-37.7207,145.0470
 Laanecoorie,-36.8170,143.9000
 Laang,-36.5400,142.9200
 Labertouche,-36.5400,142.9200
 Laburnum,-36.5400,142.9200
 Laceby,-36.5400,142.9200
 Ladys Pass,-36.5400,142.9200
 Laen,-36.5400,142.9200
 Laen East,-36.5400,142.9200
 Laen North,-36.5400,142.9200
 Lah,-36.2400,142.6900
 Laharum,-36.2400,142.6900
 Lake Boga,-36.2400,142.6900
 Lake Bolac,-36.2400,142.6900
 Lake Buloke,-36.2400,142.6900
 Lake Bunga,-36.2400,142.6900
 Lake Charm,-36.2400,142.6900
 Lake Condah,-36.2400,142.6900
 Lake Eildon,-36.2400,142.6900
 Lake Eppalock,-36.2400,142.6900
 Lake Fyans,-36.2400,142.6900
 Lake Gardens,-36.2400,142.6900
 Lake Goldsmith,-36.2400,142.6900
 Lake Lonsdale,-36.2400,142.6900
 Lake Marmal,-36.2400,142.6900
 Lake Meran,-36.2400,142.6900
 Lake Moodemere,-36.2400,142.6900
 Lake Mundi,-36.2400,142.6900
 Lake Powell,-36.2400,142.6900
 Lake Rowan,-36.2300,142.8600
 Lake Tyers,-36.2300,142.8600
 Lake Tyers Beach,-36.2300,142.8600
 Lake Tyrrell,-36.2300,142.8600
 Lake Wellington,-36.2300,142.8600
 Lake Wendouree,-35.9800,142.7500
 Lake Wongan,-35.9800,142.7500
 Lakes Entrance,-35.9800,142.7500
 Lal Lal,-35.9800,142.7500
 Lalbert,-35.9800,142.7500
 Lalor,-35.9800,142.7500
 Lalor Plaza,-35.9800,142.7500
 Lamplough,-35.9800,142.7500
 Lancaster,-35.9800,142.7500
 Lance Creek,-35.9800,142.7500
 Lancefield,-35.6400,142.7700
 Landsborough,-35.6400,142.7700
 Landsborough West,-35.6400,142.7700
 Lang Lang,-35.6400,142.7700
 Lang Lang East,-35.6100,142.5800
 Langdons Hill,-35.4000,142.4400
 Langi Kal Kal,-35.4000,142.4400
 Langi Logan,-35.4000,142.4400
 Langkoop,-35.3400,142.4800
 Langley,-35.2000,141.6000
 Langsborough,-35.2000,141.6000
 Langwarrin,-35.2000,141.6000
 Langwarrin South,-35.2000,141.6000
 Lansell Plaza,-35.2000,141.6000
 Lara,-35.2000,141.6000
 Lardner,-35.2000,141.6000
 Larpent,-35.2000,141.6000
 Larralea,-35.3800,142.1900
 Lascelles,-34.4600,142.2300
 Launching Place,-34.4600,142.2300
 Lauriston,-34.4600,142.2300
 Lavers Hill,-34.4600,142.2300
 Laverton,-34.2900,142.1500
 Laverton North,-34.2900,142.1500
 Law Courts,-34.2900,142.1500
 Lawler,-34.2900,142.1500
 Lawloit,-34.2900,142.1500
 Lawrence,-34.2900,142.1500
 Leaghur,-34.2900,142.1500
 Learmonth,-34.2900,142.1500
 Ledcourt,-34.2900,142.1500
 Leichardt,-34.2300,142.1800
 Leigh Creek,-34.1800,142.1600
 Leitchville,-34.1800,142.1600
 Lemnos,-34.8500,142.3300
 Leneva,-34.8500,142.3300
 Leonards Hill,-34.8500,142.3300
 Leongatha,-34.8500,142.3300
 Leongatha North,-34.8500,142.3300
 Leongatha South,-37.9700,145.2600
 Leopold,-34.2000,142.0600
 Lerderderg,-34.2000,142.0600
 Leslie Manor,-34.2000,142.0600
 Lethbridge,-34.2000,142.0600
 Lexton,-34.2000,142.0600
 Licola,-34.2000,142.0600
 Licola North,-34.2000,142.0600
 Lillico,-35.2800,141.4000
 Lillicur,-35.1900,142.0200
 Lillimur,-35.1700,141.6900
 Lilliput,-35.1700,141.6900
 Lilydale,-35.2200,141.0900
 Lima,-35.2200,141.0900
 Lima East,-35.2200,141.0900
 Lima South,-36.7400,144.1300
 Limestone,-36.7400,144.1300
 Lindenow,-36.7400,144.1300
 Lindenow South,-36.5900,143.9200
 Lindsay,-36.5900,143.9200
 Lindsay Point,-36.5900,143.9200
 Linga,-36.5900,143.9200
 Linton,-36.5900,143.9200
 Liparoo,-36.5900,143.9200
 Lismore,-36.3000,143.9200
 Litchfield,-36.3000,143.9200
 Little Desert,-36.3000,143.9200
 Little Hampton,-36.3000,143.9200
 Little Lonsdale Street,-36.3000,143.9200
 Little River,-36.3000,143.9200
 Llanelly,-36.3000,143.9200
 Llowalong,-36.3000,143.9200
 Loch,-36.3000,143.9200
 Loch Sport,-36.3000,143.9200
 Loch Valley,-36.3000,143.9200
 Lockington,-36.5000,143.4600
 Locksley,-36.5000,143.4600
 Lockwood,-36.5000,143.4600
 Lockwood South,-36.5000,143.4600
 Loddon Vale,-36.5000,143.4600
 Logan,-36.5000,143.4600
 Londrigan,-36.5000,143.4600
 Long Forest,-36.5000,143.4600
 Long Gully,-36.5000,143.4600
 Longerenong,-36.5000,143.4600
 Longford,-36.5000,143.4600
 Longlea,-36.5000,143.4600
 Longwarry,-36.5000,143.4600
 Longwarry North,-36.5000,143.4600
 Longwood,-36.5000,143.4600
 Longwood East,-36.5000,143.4600
 Lorne,-36.3300,143.8400
 Lorquon,-36.3300,143.8400
 Lovely Banks,-37.1200,144.8800
 Lower Moira,-37.1300,144.7500
 Lower Norton,-37.1300,144.7500
 Lower Plenty,-36.9400,144.7300
 Loy Yang,-36.9400,144.7300
 Lubeck,-36.9400,144.7300
 Lucknow,-36.9400,144.7300
 Lucyvale,-36.9400,144.7300
 Lurg,-36.9400,144.7300
 Lyal,-36.9400,144.7300
 Lygon Street North,-36.9400,144.7300
 Lynbrook,-36.9400,144.7300
 Lyndhurst,-36.9400,144.7300
 Lyons,-36.2700,143.4300
 Lyonville,-36.2700,143.4300
 Lysterfield,-36.2700,143.4300
 Lysterfield South,-36.2700,143.4300
 Macarthur,-36.2700,143.4300
 Macclesfield,-36.2700,143.4300
 Macedon,-36.2700,143.4300
 Macks Creek,-36.2700,143.4300
 Macleod,-36.2700,143.4300
 Macleod West,-36.2700,143.4300
 Macorna,-36.2700,143.4300
 Macorna North,-36.2700,143.4300
 Macs Cove,-36.2700,143.4300
 Madalya,-36.0600,143.3900
 Maddingley,-36.0600,143.3900
 Mafeking,-36.0600,143.3900
 Maffra,-36.0600,143.3900
 Maffra West Upper,-36.0600,143.3900
 Magpie,-36.0600,143.3900
 Maiden Gully,-36.0600,143.3900
 Maidstone,-36.0600,143.3900
 Mailors Flat,-36.0600,143.3900
 Main Lead,-36.0600,143.3900
 Main Ridge,-36.0600,143.3900
 Maindample,-36.0600,143.3900
 Maintongoon,-36.0600,143.3900
 Major Plains,-35.7800,143.2600
 Majorca,-35.7800,143.2600
 Maldon,-35.7200,143.1100
 Mallacoota,-35.7200,143.1100
 Malmsbury,-35.7200,143.1100
 Malvern,-35.7200,143.1100
 Malvern East,-35.6400,142.9900
 Malvern North,-35.6400,142.9900
 Mambourin,-35.3600,142.7900
 Manangatang,-35.3600,142.7900
 Mandurang,-35.3600,142.7900
 Mandurang South,-35.3600,142.7900
 Mangalore,-35.3600,142.7900
 Manifold Heights,-35.3600,142.7900
 Mannerim,-35.3600,142.7900
 Mannibadar,-35.3600,142.7900
 Manns Beach,-35.3600,142.7900
 Manorina,-35.3600,142.7900
 Mansfield,-35.3600,142.7900
 Maramingo Creek,-36.0100,143.6700
 Marcus Hill,-36.0100,143.6700
 Mardan,-36.0100,143.6700
 Marengo,-36.0100,143.6700
 Maribyrnong,-36.0100,143.6700
 Marionvale,-36.0100,143.6700
 Markwood,-36.0100,143.6700
 Marlbed,-36.0100,143.6700
 Marlo,-36.0100,143.6700
 Marnoo,-35.7600,143.4500
 Marnoo East,-35.7600,143.4500
 Marnoo West,-35.7600,143.4500
 Marong,-35.7600,143.2800
 Maroona,-35.7600,143.2800
 Marraweeney,-35.7600,143.2800
 Marshall,-35.5100,143.2000
 Marthavale,-35.5100,143.2000
 Martins Creek,-35.5100,143.2000
 Marungi,-35.5100,143.2000
 Maryborough,-35.5100,143.2000
 Maryknoll,-35.5100,143.2000
 Marysville,-35.5100,143.2000
 Maryvale,-34.9600,142.8800
 Massey,-34.9600,142.8800
 Matlock,-34.9600,142.8800
 Maude,-34.9600,142.8800
 Mccrae,-34.9600,142.8800
 Mcintyre,-34.9600,142.8800
 Mckenzie Creek,-34.9600,142.8800
 Mckenzie Hill,-34.8500,142.8300
 Mckinnon,-34.8500,142.8300
 Mcloughlins Beach,-34.8500,142.8300
 Mcmahons Creek,-34.8500,142.8300
 Mcmillans,-34.8500,142.8300
 Mead,-34.8500,142.8300
 Meadow Creek,-34.8500,142.8300
 Meadow Heights,-34.8500,142.8300
 Meatian,-34.8500,142.8300
 Medlyn,-34.8500,142.8300
 Meeniyan,-34.8500,142.8300
 Meering West,-34.8500,142.8300
 Meerlieu,-36.7600,144.2800
 Melbourne,-36.7600,144.2800
 Melbourne Airport,-36.7600,144.2800
 Melbourne University,-36.7600,144.2800
 Melton,-36.7600,144.2800
 Melton South,-36.7600,144.2800
 Melton West,-36.7600,144.2800
 Melville Forest,-36.7600,144.2800
 Melwood,-36.7600,144.2800
 Mena Park,-36.7600,144.2800
 Mentone,-36.6900,143.8700
 Mentone East,-36.6900,143.8700
 Menzies Creek,-36.6900,143.8700
 Mepunga,-36.6900,143.8700
 Mepunga East,-36.6900,143.8700
 Mepunga West,-36.6900,143.8700
 Merbein,-36.6900,143.8700
 Merbein South,-36.6900,143.8700
 Merbein West,-36.6900,143.8700
 Meredith,-36.6900,143.8700
 Meringur,-36.6900,143.8700
 Merino,-36.6900,143.8700
 Merlynston,-36.6900,143.8700
 Mernda,-36.6900,143.8700
 Merriang,-36.6900,143.8700
 Merriang South,-36.6900,143.8700
 Merricks,-36.6900,143.8700
 Merricks Beach,-36.6900,143.8700
 Merricks North,-36.6900,143.8700
 Merrigum,-36.6900,143.8700
 Merrijig,-36.6900,143.8700
 Merrimu,-36.6900,143.8700
 Merrinee,-36.6900,143.8700
 Merton,-36.6900,143.8700
 Metcalfe,-36.6900,143.8700
 Metcalfe East,-36.6900,143.8700
 Metung,-36.6900,143.8700
 Mia Mia,-36.6900,143.8700
 Mickleham,-36.6900,143.8700
 Mid Valley,-36.6900,143.8700
 Middle Camberwell,-36.6900,143.8700
 Middle Creek,-36.6900,143.8700
 Middle Park,-36.6900,143.8700
 Middle Tarwin,-36.6900,143.8700
 Miepoll,-36.6900,143.8700
 Miga Lake,-37.8300,145.0100
 Milawa,-36.4496,146.4313
 Mildura,-36.8300,144.2300
 Mildura Centre Plaza,-36.8300,144.2300
 Mildura South,-36.8300,144.2300
 Mildura West,-36.8300,144.2300
 Mill Park,-36.7300,144.2600
 Millbrook,-36.7300,144.2600
 Millgrove,-36.7300,144.2600
 Milloo,-36.7300,144.2600
 Milltown,-36.7300,144.2600
 Milnes Bridge,-36.7300,144.2600
 Mincha,-36.7300,144.2600
 Mincha West,-36.7300,144.2600
 Miners Rest,-36.7300,144.2600
 Mingay,-36.7300,144.2600
 Minhamite,-36.6500,144.5100
 Minimay,-36.6500,144.5100
 Mininera,-36.6500,144.5100
 Minjah,-36.6500,144.5100
 Minmindie,-36.4900,144.7100
 Minto,-36.4900,144.7100
 Minyip,-36.4900,144.7100
 Miowera,-36.4900,144.7100
 Miralie,-36.4900,144.7100
 Miram,-36.5300,144.6000
 Mirboo,-36.5300,144.6000
 Mirboo North,-36.5300,144.6000
 Mirimbah,-36.5300,144.6000
 Mirranatwa,-36.5300,144.6000
 Mitcham,-36.3000,144.6700
 Mitcham North,-36.3000,144.6700
 Mitchell Park,-36.3000,144.6700
 Mitchellstown,-36.3000,144.6700
 Mitiamo,-36.3000,144.6700
 Mitre,-36.3000,144.6700
 Mitta Mitta,-36.3000,144.6700
 Mittyack,-36.3000,144.6700
 Mockinya,-35.9800,144.4600
 Modella,-36.2700,144.4800
 Modewarre,-36.1300,144.7300
 Moe,-36.1300,144.7300
 Moe South,-36.1300,144.7300
 Moggs Creek,-36.1300,144.7300
 Moglonemby,-36.1300,144.7300
 Mokepilly,-36.1300,144.7300
 Molesworth,-36.1300,144.7300
 Moliagul,-36.1300,144.7300
 Molka,-36.1900,144.5300
 Mollongghip,-35.9600,144.3700
 Mologa,-35.8900,144.2400
 Molyullah,-35.8900,144.2400
 Monash University,-35.8400,144.3400
 Monbulk,-35.8400,144.3400
 Monegeetta,-35.8400,144.3400
 Mongans Bridge,-35.8400,144.3400
 Monomak,-35.8400,144.3400
 Monomeith,-35.8400,144.3400
 Mont Albert,-35.8400,144.3400
 Mont Albert North,-35.8400,144.3400
 Montgomery,-35.8400,144.3400
 Montmorency,-35.8400,144.3400
 Montrose,-35.8400,144.3400
 Moolap,-36.4700,144.1100
 Moolerr,-36.4700,144.1100
 Moolort,-36.4700,144.1100
 Moonambel,-36.4700,144.1100
 Moondarra,-36.4700,144.1100
 Moonee Ponds,-36.3700,144.2300
 Moonee Vale,-36.3700,144.2300
 Moonlight Flat,-36.3700,144.2300
 Moora,-36.3600,144.3800
 Moorabbin,-36.3600,144.3800
 Moorabbin Airport,-36.3600,144.3800
 Moorabbin East,-36.3600,144.3800
 Moorabool,-36.3000,144.0900
 Mooralla,-36.3000,144.0900
 Moorilim,-36.3000,144.0900
 Moormbool West,-36.3000,144.0900
 Moornapa,-36.0400,143.9900
 Moorngag,-36.0400,143.9900
 Moorooduc,-36.0400,143.9900
 Mooroolbark,-36.0400,143.9900
 Mooroopna,-36.0400,143.9900
 Mooroopna North,-36.0400,143.9900
 Mooroopna North West,-36.0400,143.9900
 Moranding,-36.0400,143.9900
 Morang South,-36.0400,143.9900
 Mordialloc,-36.2000,143.9600
 Mordialloc North,-35.8800,143.8700
 Moreland,-35.8800,143.8700
 Moreland West,-35.8800,143.8700
 Morgiana,-35.8800,143.8700
 Moriac,-35.8800,143.8700
 Mornington,-35.8800,143.8700
 Moroka,-35.8800,143.8700
 Morrisons,-35.8800,143.8700
 Morrl Morrl,-35.8800,143.8700
 Mortlake,-35.8800,143.8700
 Morton Plains,-35.8800,143.8700
 Morwell,-35.8800,143.8700
 Morwell East,-35.8800,143.8700
 Morwell Upper,-35.8800,143.8700
 Mossiface,-35.8800,143.8700
 Mount Alfred,-35.8800,143.8700
 Mount Beauty,-35.8800,143.8700
 Mount Beckworth,-35.8800,143.8700
 Mount Best,-35.8800,143.8700
 Mount Bolton,-35.8800,143.8700
 Mount Bruno,-35.8800,143.8700
 Mount Buffalo,-35.8800,143.8700
 Mount Buller,-35.8800,143.8700
 Mount Burnett,-35.8800,143.8700
 Mount Bute,-35.8800,143.8700
 Mount Camel,-35.8800,143.8700
 Mount Cameron,-35.8800,143.8700
 Mount Clear,-35.8800,143.8700
 Mount Cole,-35.8800,143.8700
 Mount Cole Creek,-35.6400,144.1100
 Mount Cottrell,-35.6200,143.8000
 Mount Dandenong,-35.5100,143.6400
 Mount Doran,-35.4600,143.6300
 Mount Dryden,-35.4600,143.6300
 Mount Duneed,-35.4200,143.5900
 Mount Eccles,-35.4200,143.5900
 Mount Eccles South,-35.4200,143.5900
 Mount Egerton,-35.4200,143.5900
 Mount Eliza,-35.4200,143.5900
 Mount Emu,-35.4200,143.5900
 Mount Evelyn,-35.4200,143.5900
 Mount Franklin,-35.4200,143.5900
 Mount Glasgow,-35.4200,143.5900
 Mount Helen,-35.4200,143.5900
 Mount Hooghly,-35.4200,143.5900
 Mount Hotham,-35.4200,143.5900
 Mount Lonarch,-35.4200,143.5900
 Mount Macedon,-35.4200,143.5900
 Mount Major,-35.4200,143.5900
 Mount Martha,-35.3000,143.3600
 Mount Mercer,-35.3000,143.3600
 Mount Moriac,-35.3000,143.3600
 Mount Napier,-35.3000,143.3600
 Mount Pleasant,-35.3000,143.3600
 Mount Prospect,-35.3000,143.3600
 Mount Richmond,-35.2700,143.4500
 Mount Rowan,-35.2600,143.4700
 Mount Sabine,-35.2600,143.4700
 Mount Tassie,-35.2400,143.4800
 Mount Taylor,-35.2200,143.4100
 Mount Toolebewong,-35.1500,143.3600
 Mount Wallace,-35.1900,143.3500
 Mount Waverley,-35.1200,143.3300
 Mountain Bay,-35.1200,143.3300
 Mountain Gate,-35.1200,143.3300
 Mountain View,-34.8600,143.3400
 Moutajup,-34.8600,143.3400
 Moyarra,-34.8600,143.3400
 Moyhu,-34.8600,143.3400
 Moyreisk,-34.8600,143.3400
 Moyston,-34.8600,143.3400
 Muckatah,-34.7400,143.1400
 Muckleford,-36.8500,145.2000
 Muckleford South,-36.7000,145.0300
 Mudgegonga,-36.7000,145.0300
 Mulgrave,-36.7000,145.0300
 Mumbannar,-36.7000,145.0300
 Mundoona,-36.7000,145.0300
 Munro,-36.7000,145.0300
 Muntham,-36.7000,145.0300
 Murchison,-36.7000,145.0300
 Murchison East,-36.5400,145.2800
 Murchison North,-36.5400,145.2800
 Murgheboluc,-36.5400,145.2800
 Murmungee,-36.5400,145.2800
 Murnungin,-36.5400,145.2800
 Murphys Creek,-36.5900,144.9500
 Murra Warra,-36.5900,144.9500
 Murrabit,-36.5900,144.9500
 Murrabit West,-36.5900,144.9500
 Murrawee,-36.5900,144.9500
 Murraydale,-36.4800,145.2600
 Murray-Sunset,-36.4800,145.2600
 Murrayville,-36.4200,145.0700
 Murrindal,-36.4200,145.0700
 Murrindindi,-36.4200,145.0700
 Murroon,-36.4200,145.0700
 Murrumbeena,-36.4200,145.0700
 Murtoa,-36.4200,145.0700
 Musk,-36.4200,145.0700
 Musk Vale,-36.4200,145.0700
 Muskerry,-36.4200,145.1500
 Myall,-36.3700,145.1700
 Myall,-37.6600,144.9400
 Myamyn,-36.3100,145.0500
 Myers Flat,-36.3100,145.0500
 Myola,-36.3100,145.0500
 Myrniong,-36.3100,145.0500
 Myrrhee,-36.3100,145.0500
 Myrtle Creek,-36.3100,145.0500
 Myrtlebank,-36.3100,145.0500
 Myrtleford,-36.2700,144.8500
 Mysia,-36.2700,144.8500
 Mystic Park,-36.1600,144.7700
 Mywee,-36.1600,144.7700
 Nagambie,-36.4600,144.9000
 Nalangil,-36.4600,144.9000
 Nalinga,-36.4600,144.9000
 Nambrok,-36.4400,145.0700
 Nandaly,-36.3800,145.3000
 Nangana,-36.3800,145.3000
 Nangeela,-36.3800,145.3000
 Nangiloc,-36.3800,145.3000
 Nanneella,-36.3800,145.3000
 Nap Nap Marra,-36.3600,145.4000
 Napoleons,-36.3600,145.4000
 Nar Nar Goon,-36.3600,145.4000
 Nar Nar Goon North,-36.3600,145.4000
 Narbethong,-36.3600,145.4000
 Nareeb,-36.3600,145.4000
 Nareen,-36.5400,145.3600
 Nareewillock,-36.5400,145.3600
 Nariel Valley,-36.5400,145.3600
 Naring,-36.5400,145.3600
 Naringal,-36.5400,145.3600
 Naringal East,-36.5400,145.3600
 Naroghid,-36.5400,145.3600
 Narracan,-36.5400,145.3600
 Narraport,-36.5400,145.3600
 Narrapumelap South,-36.5400,145.3600
 Narrawong,-36.5400,145.3600
 Narre Warren,-36.5400,145.3600
 Narre Warren East,-36.5400,145.3600
 Narre Warren North,-36.5400,145.3600
 Narre Warren South,-36.5400,145.6000
 Narrung,-36.3000,145.4800
 Nathalia,-36.2200,145.3400
 Natimuk,-36.2200,145.3400
 Natte Yallock,-36.2200,145.3400
 Natya,-36.2200,145.3400
 Navarre,-36.2200,145.3400
 Navigators,-36.2200,145.3400
 Nayook,-36.2200,145.3400
 Neds Corner,-36.1600,145.3000
 Neereman,-36.1600,145.3000
 Neerim,-36.1600,145.3000
 Neerim East,-36.1400,145.5000
 Neerim Junction,-36.1400,145.5000
 Neerim North,-36.1400,145.5000
 Neerim South,-36.1400,145.5000
 Neilborough,-36.0500,145.3300
 Nelse,-36.0500,145.3300
 Nelson,-36.1500,145.1700
 Nerrena,-36.1500,145.1700
 Nerrin Nerrin,-36.1500,145.1700
 Nerrina,-36.0200,144.9700
 Nerring,-36.0200,144.9700
 Netherby,-36.0200,144.9700
 Neuarpurr,-36.0200,144.9700
 New Gisborne,-35.9700,145.4600
 Newborough,-35.9200,145.3300
 Newborough East,-35.9200,145.3300
 Newbridge,-35.9200,145.3300
 Newbury,-35.9200,145.3300
 Newcomb,-35.9600,145.6300
 Newfield,-35.9100,145.6900
 Newham,-35.9100,145.6900
 Newhaven,-35.9100,145.6900
 Newington,-35.9100,145.6900
 Newlands Arm,-35.9100,145.6900
 Newlyn,-36.3300,145.6900
 Newlyn North,-36.3300,145.6900
 Newmerella,-36.3300,145.6900
 Newport,-36.3300,145.6900
 Newry,-36.3300,145.6900
 Newstead,-36.3300,145.6900
 Newtown,-36.3300,145.6900
 Newtown,-36.4000,145.7000
 Nhill,-36.0800,145.6900
 Nichols Point,-36.0800,145.6900
 Nicholson,-37.2000,145.0500
 Niddrie,-37.2000,145.0500
 Nilma,-37.2000,145.0500
 Nilma North,-37.2000,145.0500
 Ninda,-37.2000,145.0500
 Nine Mile,-37.2000,145.0500
 Nintingbool,-37.2000,145.0500
 Ninyeunook,-37.2000,145.0500
 Nirranda,-37.2000,145.0500
 Nirranda East,-37.2000,145.0500
 Nirranda South,-37.1300,145.0200
 Noble Park,-37.0900,145.5000
 Noble Park East,-37.0900,145.5000
 Noble Park North,-37.0900,145.5000
 Noojee,-37.0900,145.5000
 Noorat,-37.0900,145.5000
 Noorat East,-37.0900,145.5000
 Noorinbee,-37.0900,145.5000
 Noorinbee North,-37.0900,145.5000
 Noradjuha,-37.0900,145.5000
 Norlane,-37.0900,145.5000
 Normanville,-38.2000,146.5400
 North Blackwood,-36.9400,145.1600
 North Geelong,-36.8900,145.2300
 North Melbourne,-36.8900,145.2300
 North Road,-36.8200,145.3600
 North Shore,-36.8200,145.3600
 North Wangaratta,-36.7100,145.6400
 North Warrandyte,-36.7100,145.6400
 North Wonthaggi,-36.7100,145.6400
 Northcote,-36.7100,145.6400
 Northcote South,-36.7100,145.6400
 Northland Centre,-36.7100,145.6400
 Northwood,-36.7100,145.6400
 Norval,-36.7100,145.6400
 Notting Hill,-36.7100,145.6400
 Nowa Nowa,-36.7100,145.6400
 Nowhere Creek,-36.7100,145.6400
 Nowie,-36.7100,145.6400
 Nug Nug,-36.7100,145.6400
 Nuggetty,-36.7100,145.6400
 Nulla Vale,-36.7100,145.6400
 Nullawarre,-36.7100,145.6400
 Nullawarre North,-36.7000,145.7700
 Nullawil,-36.7000,145.7700
 Numurkah,-36.7000,145.7700
 Nunawading,-36.7000,145.7700
 Nunawading BC,-36.7000,145.7700
 Nungurner,-36.7000,145.7700
 Nunniong,-36.7000,145.7700
 Nurcoung,-36.7000,145.7700
 Nurrabiel,-36.7000,145.7700
 Nurran,-36.7000,145.7700
 Nutfield,-36.7000,145.7700
 Nyah,-36.5900,145.8600
 Nyah West,-36.5900,145.8600
 Nyarrin,-36.5900,145.8600
 Nyerimilang,-36.3900,145.4200
 Nyora,-36.5500,145.9900
 Nyrraby,-36.5500,145.9900
 Oak Park,-36.4300,145.8900
 Oaklands Junction,-36.4300,145.8900
 Oakleigh,-36.4300,145.8900
 Oakleigh East,-36.4300,145.8900
 Oakleigh South,-36.4300,145.8900
 Oakvale,-36.4300,145.8900
 Ocean Grange,-36.4300,145.8900
 Ocean Grove,-36.4300,145.8900
 Officer,-36.4300,145.8900
 Officer South,-36.4300,145.8900
 Old Tallangatta,-36.4300,145.8900
 Olinda,-36.4300,145.8900
 Ombersley,-36.4300,145.8900
 Omeo,-36.4300,145.8900
 Omeo Valley,-36.4300,145.8900
 Ondit,-36.2700,146.1300
 Orbost,-36.2700,146.1300
 Orford,-36.2700,146.1300
 Ormond,-36.2700,146.1300
 Orrvale,-36.2700,146.1300
 Osbornes Flat,-36.2700,146.1300
 Outtrim,-36.2700,146.1300
 Ouyen,-36.2700,146.1300
 Ovens,-36.2700,146.1300
 Oxley,-36.2700,146.1300
 Oxley Flats,-36.3400,146.3400
 Ozenkadnook,-36.3500,146.3000
 Paaratte,-36.3500,146.3000
 Painswick,-36.3500,146.3000
 Pakenham,-36.5200,146.5000
 Pakenham South,-36.5200,146.5000
 Pakenham Upper,-36.5200,146.5000
 Panitya,-36.5200,146.5000
 Panmure,-36.5200,146.5000
 Panton Hill,-36.5200,146.5000
 Paradise,-36.5200,146.5000
 Paradise Beach,-36.5200,146.5000
 Paraparap,-36.5200,146.5000
 Park Orchards,-36.5200,146.5000
 Parkdale,-36.5200,146.5000
 Parkville,-36.5200,146.5000
 Parwan,-36.5200,146.5000
 Paschendale,-36.5200,146.5000
 Pascoe Vale,-36.5200,146.5000
 Pascoe Vale South,-36.5200,146.5000
 Pastoria,-36.5200,146.5000
 Pastoria East,-36.5200,146.5000
 Patchewollock,-36.5200,146.5000
 Patho,-36.5200,146.5000
 Patterson,-36.5200,146.5000
 Patterson Lakes,-36.5200,146.5000
 Patyah,-36.5200,146.5000
 Paynesville,-36.5200,146.5000
 Pearcedale,-36.5200,146.5000
 Pearsondale,-36.5200,146.5000
 Peechelba,-36.5200,146.5000
 Peechelba East,-36.5200,146.5000
 Pelluebla,-36.5200,146.5000
 Pennyroyal,-36.5200,146.5000
 Penshurst,-36.5200,146.5000
 Pental Island,-36.5200,146.5000
 Pentland Hills,-36.5200,146.5000
 Percydale,-36.5200,146.5000
 Peronne,-36.5200,146.5000
 Perry Bridge,-36.2400,146.4100
 Peterborough,-36.2400,146.4100
 Petticoat Creek,-36.2400,146.4100
 Pheasant Creek,-36.2400,146.4100
 Piangil,-36.1500,146.6100
 Piavella,-36.1500,146.6100
 Picola,-36.1500,146.6100
 Picola West,-36.1000,146.2200
 Piedmont,-36.1000,146.2200
 Pier Milan,-36.1000,146.2200
 Pigeon Ponds,-36.1000,146.2200
 Piggoreet,-36.1000,146.2200
 Pimpinio,-36.1000,146.2200
 Pine Grove,-36.1000,146.2200
 Pine Lodge,-36.1000,146.2200
 Pine Mountain,-36.1000,146.2200
 Pine View,-36.0100,146.4000
 Pines Forest,-36.1100,146.6700
 Pinewood,-36.1100,146.6700
 Pioneer Bay,-37.6800,144.9900
 Pipers Creek,-36.1000,146.8200
 Pira,-36.1000,146.8200
 Piries,-36.1000,146.8200
 Pirron Yallock,-36.2800,146.9100
 Pitfield,-36.2800,146.9100
 Pittong,-36.2800,146.9100
 Plenty,-36.2800,146.9100
 Plumpton,-36.2800,146.9100
 Point Cook,-36.2800,146.9100
 Point Leo,-36.2800,146.9100
 Point Lonsdale,-36.2800,146.9100
 Point Wilson,-36.2800,146.9100
 Polisbet,-36.2800,146.9100
 Pomborneit,-36.2800,146.9100
 Pomborneit East,-36.2800,146.9100
 Pomborneit North,-36.2800,146.9100
 Pomonal,-36.2800,146.9100
 Pompapiel,-36.2800,146.9100
 Poolaijelo,-36.2800,146.9100
 Pootilla,-36.2800,146.9100
 Poowong,-36.2800,146.9100
 Poowong East,-36.2800,146.9100
 Poowong North,-36.2800,146.9100
 Porcupine Ridge,-36.2800,146.9100
 Porepunkah,-36.2800,146.9100
 Port Albert,-36.2800,146.9100
 Port Campbell,-36.2800,146.9100
 Port Fairy,-36.2800,146.9100
 Port Franklin,-36.2800,146.9100
 Port Melbourne,-36.2800,146.9100
 Port Welshpool,-36.2800,146.9100
 Portarlington,-36.2800,146.9100
 Portland,-36.2800,146.9100
 Portland North,-36.2800,146.9100
 Portland West,-36.2800,146.9100
 Portsea,-36.1400,146.9200
 Pound Creek,-36.3000,147.1400
 Powelltown,-36.3000,147.1400
 Powers Creek,-36.3000,147.1400
 Powlett Plains,-36.6700,147.2100
 Prahran,-37.8508,145.0028
 Prahran East,-36.8100,147.2200
 Prairie,-36.8100,147.2200
 Pranjip,-36.8100,147.2200
 Prentice North,-36.8100,147.2200
 Preston,-36.1800,147.3400
 Preston Lower,-36.1800,147.3400
 Preston South,-36.1800,147.3400
 Preston West,-36.1800,147.3400
 Princes Hill,-36.1800,147.3400
 Princetown,-36.5300,147.5000
 Puckapunyal,-36.5300,147.5000
 Puckapunyal Milpo,-36.5300,147.5000
 Pura Pura,-36.5300,147.5000
 Purdeet,-36.5300,147.5000
 Purnim,-36.5300,147.5000
 Purnim West,-36.5300,147.5000
 Pyalong,-36.5300,147.5000
 Pyramid Hill,-36.5300,147.5000
 Quambatook,-36.1000,147.5400
 Quandong,-36.1900,147.7700
 Quantong,-36.2800,148.0300
 Quarry Hill,-36.2800,148.0300
 Queenscliff,-36.2800,148.0300
 Queensferry,-36.2800,148.0300
 Raglan,-36.2800,148.0300
 Rainbow,-36.2800,148.0300
 Ranceby,-36.2800,148.0300
 Rangeview,-36.2800,148.0300
 Rathscar,-36.0500,147.9300
 Rathscar West,-36.0500,147.5600
 Ravenhall,-36.0500,147.5600
 Ravenswood,-36.0500,147.5600
 Ravenswood South,-36.0500,147.5600
 Rawson,-36.0500,147.5600
 Raymond Island,-37.4200,145.7100
 Raywood,-37.3300,145.8600
 Red Cliffs,-37.3300,145.8600
 Red Hill,-37.2300,145.9100
 Red Hill South,-37.2300,145.9100
 Red Lion,-37.2300,145.9100
 Redan,-37.2500,145.7000
 Redbank,-37.2500,145.7000
 Redcastle,-37.2500,145.7000
 Redesdale,-37.2500,145.7000
 Reedy Creek,-37.2500,145.7000
 Reedy Dam,-37.2500,145.7000
 Reedy Flat,-37.2500,145.7000
 Reedy Lake,-37.2500,145.7000
 Reefton,-37.2500,145.7000
 Regent West,-37.2500,145.7000
 Research,-36.9700,145.7900
 Reservoir,-36.9700,145.7900
 Reservoir East,-36.9700,145.7900
 Reservoir North,-37.3400,145.2900
 Reservoir South,-37.3400,145.2900
 Reynard,-37.3400,145.2900
 Rheola,-37.3400,145.2900
 Rhyll,-37.3400,145.2900
 Rhymney,-37.3400,145.2900
 Riachella,-37.3400,145.2900
 Rich Avon,-37.3400,145.2900
 Rich Avon East,-37.1300,145.5300
 Rich Avon West,-37.0100,145.6200
 Richmond,-37.0100,145.6200
 Richmond East,-37.0100,145.6200
 Richmond North,-37.0100,145.6200
 Richmond Plains,-37.0200,145.8600
 Richmond South,-37.0100,146.2200
 Riddells Creek,-37.0100,146.2200
 Riggs Creek,-37.0100,146.2200
 Ringwood,-36.8900,146.2600
 Ringwood East,-36.8900,146.2600
 Ringwood North,-36.8900,146.2600
 Ripplebrook,-36.8900,146.2600
 Rippleside,-36.8900,146.2600
 Ripponlea,-36.8900,146.2600
 Riverside,-36.8900,146.2600
 Riverslea,-36.8900,146.2600
 Robertsons Beach,-36.8900,146.2600
 Robinson,-36.8900,146.2600
 Robinvale,-36.8900,146.2600
 Robinvale Irrigation,-36.8900,146.2600
 Rochester,-36.8900,146.2600
 Rochford,-36.8900,146.2600
 Rockbank,-36.8900,146.2600
 Rocklands,-36.8900,146.2600
 Rocklyn,-36.8900,146.2600
 Rocky Point,-36.8900,146.2600
 Rokeby,-36.8900,146.2600
 Rokewood,-36.8900,146.2600
 Rokewood Junction,-36.8900,146.2600
 Romsey,-36.8900,146.2600
 Rosanna,-37.0500,146.0800
 Rose River,-36.3200,145.8000
 Rosebery,-36.3200,145.8000
 Rosebrook,-36.3200,145.8000
 Rosebud,-36.3200,145.8000
 Rosebud Plaza,-36.3200,145.8000
 Rosebud West,-36.2800,146.0600
 Rosedale,-36.2800,146.0600
 Roses Gap,-36.2800,146.0600
 Rosewhite,-36.2800,146.0600
 Roslynmead,-36.2300,146.0600
 Ross Creek,-36.2300,146.0600
 Rossbridge,-36.2300,146.0600
 Rostron,-36.2300,146.0600
 Rowsley,-36.2300,146.0600
 Rowville,-36.1000,146.0800
 Roxburgh Park,-36.1000,146.0800
 Royal Melbourne Hospital,-36.1000,146.0800
 Rubicon,-36.1000,146.0800
 Ruby,-36.0300,146.0800
 Ruffy,-36.0300,146.0800
 Running Creek,-36.0300,146.0800
 Runnymede,-36.0300,146.0800
 Rupanyup,-36.0300,146.0800
 Rushworth,-36.0300,146.0800
 Russells Bridge,-36.0300,146.0800
 Rutherglen,-36.0300,146.0800
 Ryans,-36.0300,146.0800
 Ryanston,-36.0300,146.0800
 Rye,-36.5800,146.3800
 Rythdale,-36.5800,146.3800
 Safety Beach,-36.7500,146.4100
 Sailors Falls,-36.5200,146.5800
 Sailors Gully,-36.5200,146.5800
 Sailors Hill,-36.5200,146.5800
 Sale,-36.5200,146.5800
 Sale,-36.4600,146.4800
 Sale East Raaf,-36.9800,146.7800
 Sale North,-36.9800,146.7800
 Salisbury West,-36.9800,146.7800
 Samaria,-36.9800,146.7800
 San Remo,-36.9800,146.7800
 Sandford,-36.9800,146.7800
 Sandhill Lake,-36.9800,146.7800
 Sandhurst,-36.9800,146.7800
 Sandhurst East,-36.9800,146.7800
 Sandon,-36.9800,146.7800
 Sandown Village,-36.9800,146.7800
 Sandringham,-36.9800,146.7800
 Sandy Creek,-36.9800,146.7800
 Sandy Point,-36.9800,146.7800
 Sargood,-36.6100,146.7900
 Sarsfield,-36.7000,146.8500
 Sassafras,-36.8200,146.8500
 Sassafras Gully,-36.8200,146.8500
 Sawmill Settlement,-36.8200,146.8500
 Scarsdale,-36.7300,146.9600
 Scoresby,-36.7300,146.9600
 Scoresby BC,-36.7300,146.9600
 Scotchmans Lead,-36.7300,146.9600
 Scotsburn,-36.7300,146.9600
 Scotsmans Lead,-36.7300,146.9600
 Scotts Creek,-36.7300,146.9600
 Sea Lake,-36.7500,146.9800
 Seabrook,-36.3000,146.5800
 Seacombe,-36.3600,146.6900
 Seaford,-36.3600,146.6900
 Seaholme,-36.3600,146.6900
 Seaspray,-36.3600,146.6900
 Seaton,-36.3600,146.6900
 Seaview,-36.4100,146.8600
 Sebastian,-36.4100,146.8600
 Sebastopol,-38.3800,144.8100
 Seddon,-37.6900,144.8900
 Seddon West,-37.6500,145.1000
 Sedgwick,-37.6500,145.1000
 Selby,-37.4700,145.0000
 Selwyn,-37.6200,145.1500
 Separation Creek,-37.6200,145.1500
 Serpentine,-37.5700,145.1400
 Serviceton,-37.4000,144.8000
 Seville,-37.4000,144.8000
 Seville East,-37.4000,144.8000
 Seymour,-37.4000,144.8000
 Seymour,-37.4500,145.1100
 Seymour South,-37.4500,145.1100
 Shady Creek,-37.4500,145.1100
 Shallow Inlet,-37.4500,145.1100
 Shannonvale,-37.4500,145.1100
 Shays Flat,-37.4500,145.1100
 She Oaks,-37.3800,145.0300
 Sheans Creek,-37.3800,145.0300
 Sheep Hills,-37.6400,145.2400
 Shelbourne,-37.6200,145.2900
 Shelbourne,-36.8460,144.0220
 Shelford,-38.0138,137.9760
 Shelley,-37.4800,145.2800
 Shepherds Flat,-37.3100,144.8900
 Shepparton,-37.3100,144.8900
 Shepparton East,-37.3100,144.8900
 Shepparton North,-37.3100,144.8900
 Shepparton South,-37.3100,144.8900
 Sherbrooke,-37.3100,144.8900
 Shoreham,-37.3100,144.8900
 Sidonia,-37.8100,145.3400
 Silvan,-37.8200,145.3700
 Silverleaves,-37.8400,145.3600
 Simpson,-37.7200,145.3800
 Simpsons Creek,-37.7200,145.3800
 Simson,-37.7200,145.3800
 Skenes Creek,-37.6500,145.3200
 Skenes Creek North,-37.6500,145.3200
 Skibo,-37.6500,145.3200
 Skinners Flat,-37.6500,145.3200
 Skipton,-37.6500,145.3200
 Skye,-37.6900,145.5400
 Slaty Creek,-37.6900,145.5400
 Smeaton,-37.6900,145.5400
 Smiths Beach,-37.6900,145.5400
 Smiths Gully,-37.6900,145.5400
 Smokeytown,-37.6900,145.5400
 Smoko,-37.6900,145.5400
 Smythes Creek,-37.6900,145.5400
 Smythesdale,-37.6300,145.7000
 Snake Island,-37.6300,145.7000
 Snake Valley,-37.5600,145.8900
 Soldiers Hill,-37.5600,145.8900
 Somers,-37.9400,145.4900
 Somerton,-37.9400,145.4900
 Somerton Park,-37.9400,145.4900
 Somerville,-37.9200,145.4700
 Sorrento,-37.9200,145.4700
 South Dudley,-37.9200,145.4700
 South Geelong,-37.9200,145.4700
 South Kingsville,-37.9500,145.5500
 South Melbourne,-38.2700,144.4900
 South Melbourne DC,-37.8800,145.3400
 South Morang,-37.8800,145.3700
 South Purrumbete,-37.8800,145.3700
 South Wharf,-37.8600,145.3600
 South Yarra,-37.8800,145.3600
 Southbank,-37.9000,145.4100
 Southern Cross,-37.8900,145.3900
 Southland Centre,-37.8700,145.4100
 Spargo Creek,-37.8400,145.4100
 Speed,-37.7900,145.3800
 Speewa,-37.8600,145.7100
 Spotswood,-37.8600,145.7100
 Spring Gully,-37.8600,145.7100
 Spring Hill,-37.8600,145.7100
 Springbank,-37.8600,145.7100
 Springdallah,-37.7600,145.7500
 Springfield,-37.7600,145.7500
 Springhurst,-37.7600,145.7500
 Springmount,-37.7600,145.7500
 Springvale,-37.7600,145.7500
 Springvale South,-37.7600,145.7500
 St Albans,-37.9100,145.1300
 St Albans Park,-37.9800,145.2500
 St Andrews,-38.0000,145.2700
 St Andrews Beach,-37.9700,145.3600
 St Arnaud,-37.9700,145.3600
 St Arnaud East,-38.0200,145.3000
 St Arnaud North,-38.0200,145.3000
 St Clair,-38.0200,145.3000
 St Germains,-38.0300,145.3400
 St Helena,-38.0300,145.3400
 St Helens,-38.0500,145.3700
 St Helens Plains,-38.0500,145.3700
 St James,-38.0000,145.4100
 St Kilda,-38.0000,145.4100
 St Kilda East,-38.0600,145.4100
 St Kilda Road,-38.0600,145.4100
 St Kilda Road Central,-38.0800,145.4900
 St Kilda South,-38.0800,145.4900
 St Kilda West,-38.0800,145.4900
 St Leonards,-38.0400,145.6100
 Staceys Bridge,-38.0400,145.6100
 Staffordshire Reef,-38.0400,145.6100
 Staghorn Flat,-38.0900,145.6300
 Stanhope,-38.0900,145.6300
 Stanhope South,-38.1500,145.6100
 Stanley,-38.1500,145.6100
 Staughton Vale,-38.1500,145.6100
 Stavely,-38.1500,145.6100
 Stawell,-38.1000,145.7200
 Stawell West,-38.1000,145.7200
 Steels Creek,-38.1000,145.7200
 Steiglitz,-38.1000,145.7200
 Stewarton,-38.0500,145.8300
 Stirling,-38.0500,145.8300
 Stockdale,-38.0500,145.8300
 Stockyard Hill,-38.0500,145.8300
 Stonehaven,-38.2400,145.7800
 Stoneleigh,-38.2400,145.7800
 Stony Creek,-38.2400,145.7800
 Stonyford,-38.2400,145.7800
 Stradbroke,-38.2400,145.7800
 Strangways,-38.2400,145.7800
 Straten,-38.2400,145.7800
 Stratford,-38.2100,145.9600
 Strath Creek,-38.2100,145.9600
 Strathallan,-38.2100,145.9600
 Strathbogie,-38.1000,145.9200
 Strathdale,-38.1000,145.9200
 Strathdownie,-38.1000,145.9200
 Strathewen,-38.1000,145.9200
 Strathfieldsaye,-38.1000,145.9200
 Strathkellar,-38.1000,145.9200
 Strathlea,-38.1000,145.9200
 Strathmerton,-38.1000,145.9200
 Strathmore,-38.1000,145.9200
 Strathmore Heights,-38.1000,145.9200
 Streatham,-38.1000,145.9200
 Strzelecki,-38.1000,145.9200
 Stuart Mill,-38.1000,145.9200
 Studfield,-38.1000,145.9200
 Sugarloaf,-38.1000,145.9200
 Sugarloaf Creek,-38.1000,145.9200
 Suggan Buggan,-38.1000,145.9200
 Sulky,-38.2400,146.0000
 Summerlands,-38.2400,146.0000
 Sumner,-38.2400,146.0000
 Sunbury,-38.2600,146.0300
 Sunday Creek,-38.2600,146.0300
 Sunderland Bay,-38.2600,146.0300
 Sunnycliffs,-38.3000,146.1100
 Sunset Strip,-38.3000,146.1100
 Sunshine,-38.3000,146.1100
 Sunshine North,-38.3000,146.1100
 Sunshine West,-38.3000,146.1100
 Surf Beach,-38.3000,146.1100
 Surrey Hills,-37.7000,146.3600
 Surrey Hills North,-37.7000,146.3600
 Surrey Hills South,-37.7000,146.3600
 Sutherland,-37.7000,146.3600
 Sutherlands Creek,-37.7000,146.3600
 Sutton,-37.7000,146.3600
 Sutton Grange,-37.7000,146.3600
 Swan Bay,-37.7000,146.3600
 Swan Hill,-37.7000,146.3600
 Swan Hill Pioneer,-37.7000,146.3600
 Swan Hill West,-37.7000,146.3600
 Swan Island,-37.7000,146.3600
 Swan Marsh,-37.7000,146.3600
 Swan Reach,-37.7000,146.3600
 Swanpool,-37.7000,146.3600
 Swanwater,-37.7000,146.3600
 Swanwater West,-37.7000,146.3600
 Swifts Creek,-37.7000,146.3600
 Sydenham,-37.7000,146.3600
 Sylvaterre,-37.7000,146.3600
 Syndal,-37.7000,146.3600
 Tabberabbera,-37.7000,146.3600
 Tabilk,-37.7000,146.3600
 Tabor,-37.7000,146.3600
 Taggerty,-37.7000,146.3600
 Tahara,-37.7000,146.3600
 Tahara Bridge,-37.7000,146.3600
 Tahara West,-37.7000,146.3600
 Talbot,-37.7000,146.3600
 Talgarno,-37.7000,146.3600
 Tallandoon,-37.9600,145.9900
 Tallangatta,-37.9600,145.9900
 Tallangatta East,-37.9600,145.9900
 Tallangatta South,-37.9100,145.9300
 Tallangatta Valley,-37.9100,145.9300
 Tallarook,-37.9100,145.9300
 Tallygaroopna,-37.8400,145.8500
 Tambo Crossing,-37.8400,145.8500
 Tambo Upper,-37.8400,145.8500
 Tamboon,-37.8400,145.8500
 Tamboritha,-37.8400,145.8500
 Taminick,-37.8400,145.8500
 Tamleugh,-37.8400,145.8500
 Tamleugh North,-37.8400,145.8500
 Tandarook,-37.8400,145.8500
 Tandarra,-37.8400,145.8500
 Tangambalanga,-37.8400,145.8500
 Tanjil,-38.3300,146.1200
 Tanjil Bren,-38.2800,146.3200
 Tanjil South,-38.2800,146.3200
 Tantaraboo,-38.2800,146.3200
 Tanwood,-38.2800,146.3200
 Tanybryn,-38.2800,146.3200
 Taradale,-38.2800,146.3200
 Tarcombe,-38.2800,146.3200
 Tarilta,-38.2800,146.3200
 Taripta,-38.2800,146.3200
 Tarnagulla,-38.2800,146.3200
 Tarneit,-38.2800,146.3200
 Tarnook,-36.5369,145.8593
 Taroon,-38.3200,146.4200
 Tarra Valley,-38.4100,146.6400
 Tarranyurk,-38.4100,146.6400
 Tarraville,-38.4100,146.6400
 Tarrawarra,-38.4100,146.6400
 Tarrawingee,-38.4100,146.6400
 Tarrayoukyan,-38.4100,146.6400
 Tarrengower,-38.4100,146.6400
 Tarrenlea,-38.4100,146.6400
 Tarrington,-38.4100,146.6400
 Tarrone,-38.4100,146.6400
 Tarwin,-38.4100,146.6400
 Tarwin Lower,-38.4100,146.6400
 Tatong,-38.4100,146.6400
 Tatura,-38.4100,146.6400
 Tatura East,-38.4100,146.6400
 Tatyoon,-38.4100,146.6400
 Tawonga,-38.2600,146.7500
 Tawonga South,-38.2600,146.7500
 Taylor Bay,-38.2600,146.7500
 Taylors Hill,-38.2600,146.7500
 Taylors Lakes,-38.2600,146.7500
 Teal Point,-38.4200,147.0800
 Tecoma,-38.4200,147.0800
 Teddywaddy,-38.4200,147.0800
 Teddywaddy West,-38.0400,147.0800
 Teesdale,-38.0400,147.0800
 Telangatuk East,-38.0400,147.0800
 Telford,-38.0400,147.0800
 Telopea Downs,-38.0400,147.0800
 Templestowe,-38.0400,147.0800
 Templestowe Lower,-38.0400,147.0800
 Tempy,-38.0400,147.0800
 Tenby Point,-38.0400,147.0800
 Tennyson,-38.0400,147.0800
 Terang,-38.0400,147.0800
 Terip Terip,-38.0400,147.0800
 Terrappee,-38.0400,147.0800
 Terrick Terrick,-38.0400,147.0800
 Terrick Terrick East,-38.0400,147.0800
 Tesbury,-38.0400,147.0800
 Tetoora Road,-38.0400,147.0800
 Thalia,-38.0400,147.0800
 Thalloo,-38.0400,147.0800
 The Basin,-38.0400,147.0800
 The Cove,-38.0400,147.0800
 The Fingerboard,-38.0400,147.0800
 The Gurdies,-38.0400,147.0800
 The Heart,-38.0400,147.0800
 The Honeysuckles,-38.0400,147.0800
 The Patch,-38.0400,147.0800
 The Pines,-38.0400,147.0800
 The Sisters,-38.1100,147.1300
 Thologolong,-38.1100,147.1300
 Thomastown,-38.1000,146.0600
 Thomson,-38.1200,146.5700
 Thoona,-38.1200,146.5700
 Thornbury,-38.0700,146.6700
 Thornton,-38.0000,146.6900
 Thorpdale,-37.9700,146.6900
 Thorpdale South,-37.9700,146.6900
 Thowgla Valley,-37.9700,146.6900
 Three Bridges,-37.9700,146.6900
 Tidal River,-37.9700,146.6900
 Timbarra,-37.9700,146.6900
 Timboon,-37.9700,146.6900
 Timboon West,-37.9700,146.6900
 Timmering,-37.9700,146.6900
 Timor,-37.9700,146.6900
 Timor West,-37.9700,146.6900
 Tinamba,-37.9700,146.6900
 Tinamba West,-37.9700,146.6900
 Tintaldra,-37.9700,146.6900
 Tittybong,-37.9700,146.6900
 Tol Tol,-37.9700,146.6900
 Tolmie,-37.9700,146.6900
 Tom Groggin,-37.9700,146.6900
 Tongala,-37.9700,146.6900
 Tonghi Creek,-37.9700,146.6900
 Tongio,-37.8900,146.8500
 Tonimbuk,-37.8900,146.8500
 Tooan,-37.8900,146.8500
 Tooborac,-37.8900,146.8500
 Toolamba,-37.8800,146.9900
 Toolamba West,-37.8800,146.9900
 Toolangi,-37.8800,146.9900
 Toolern Vale,-37.8800,146.9900
 Toolleen,-37.8800,146.9900
 Toolome,-37.8800,146.9900
 Toolondo,-37.8800,146.9900
 Toolong,-37.8800,146.9900
 Toombon,-37.8800,146.9900
 Toongabbie,-37.8800,146.9900
 Toora,-37.8800,146.9900
 Toora North,-37.8800,146.9900
 Tooradin,-37.8800,146.9900
 Toorak,-37.8800,146.9900
 Toorloo Arm,-37.8800,146.9900
 Toorongo,-37.5700,147.1900
 Tootgarook,-37.5700,147.1900
 Torquay,-37.5700,147.1900
 Torrita,-37.5700,147.1900
 Torrumbarry,-37.5700,147.1900
 Torwood,-37.5700,147.1900
 Tostaree,-37.5700,147.1900
 Tottenham,-37.5700,147.1900
 Tottington,-37.5700,147.1900
 Tourello,-37.5700,147.1900
 Towan,-37.5700,147.1900
 Towaninny,-37.5700,147.1900
 Towaninny South,-37.5700,147.1900
 Tower Hill,-37.5700,147.1900
 Towong,-37.5700,147.1900
 Towong Upper,-37.5700,147.1900
 Trafalgar,-37.5700,147.1900
 Trafalgar East,-37.8600,147.3400
 Trafalgar South,-37.8600,147.3400
 Tragowel,-37.8600,147.3400
 Traralgon,-37.8000,147.4600
 Traralgon East,-38.4000,146.4200
 Traralgon South,-38.4000,146.4200
 Travancore,-38.4000,146.4200
 Trawalla,-38.3800,146.2800
 Trawool,-38.3800,146.2800
 Traynors Lagoon,-38.3800,146.2800
 Tremont,-38.3800,146.2800
 Trentham,-38.3800,146.2800
 Trentham East,-38.2900,146.0500
 Tresco,-38.2900,146.0500
 Tresco West,-38.2900,146.0500
 Trida,-38.2900,146.0500
 Truganina,-38.2900,146.0500
 Tubbut,-38.2900,146.0500
 Tuerong,-38.2900,146.0500
 Tulkara,-38.2900,146.0500
 Tullamarine,-38.2900,146.7200
 Tungamah,-38.3800,146.7900
 Tunstall Square Po,-38.3800,146.7900
 Turoar,-38.3800,146.7900
 Turriff,-38.3800,146.7900
 Turriff East,-38.3800,146.7900
 Turtons Creek,-37.8300,147.6300
 Tutye,-37.8300,147.6300
 Tyaak,-37.8300,147.6300
 Tyabb,-37.8300,147.6300
 Tyenna,-37.8300,147.6300
 Tyers,-37.8300,147.6300
 Tylden,-37.8300,147.6300
 Tylden South,-37.8300,147.6300
 Tynong,-37.8300,147.6300
 Tynong North,-37.8300,147.6300
 Tyntynder,-37.8300,147.6300
 Tyntynder South,-37.8300,147.6300
 Tyrendarra,-37.8300,147.6300
 Tyrendarra East,-37.8300,147.6300
 Tyrrell,-37.8300,147.6300
 Tyrrell Downs,-37.8300,147.6300
 Ullina,-37.8300,147.6300
 Ullswater,-37.8300,147.6300
 Ultima,-37.8300,147.6300
 Ultima East,-37.8300,147.6300
 Ulupna,-37.8300,147.6300
 Undera,-37.8300,147.6300
 Underbool,-37.8300,147.6300
 University Of Melbourne,-37.8300,147.6300
 Upotipotpon,-37.8300,147.6300
 Upper Ferntree Gully,-37.8300,147.6300
 Upper Gundowring,-37.8300,147.6300
 Upper Lurg,-37.8300,147.6300
 Upper Plenty,-37.8300,147.6300
 Upper Ryans Creek,-37.8300,147.6300
 Upton Hill,-37.8300,147.6300
 Upwey,-37.8300,147.6300
 Valencia Creek,-37.8300,147.6300
 Vasey,-37.8900,147.6700
 Vaughan,-37.9200,147.6900
 Vectis,-37.9200,147.6900
 Ventnor,-37.9200,147.6900
 Venus Bay,-37.9200,147.6900
 Vermont,-37.8200,147.7300
 Vermont South,-37.7100,147.8300
 Vervale,-37.7100,147.8300
 Vesper,-37.7100,147.8300
 Victoria Point,-37.7100,147.8300
 Victoria Valley,-37.7100,147.8300
 Viewbank,-37.7100,147.8300
 Vinifera,-37.7100,147.8300
 Violet Town,-37.7100,147.8300
 Vite Vite,-37.7100,147.8300
 Vite Vite North,-37.7100,147.8300
 W Tree,-37.7100,147.8300
 Waaia,-37.7100,147.8300
 Waanyarra,-37.7100,147.8300
 Waarre,-37.7100,147.8300
 Wabonga,-37.7100,147.8300
 Waggarandall,-37.7100,147.8300
 Wahgunyah,-37.7100,147.8300
 Wahring,-37.7400,148.4300
 Wail,-37.8400,148.1200
 Wairewa,-37.8400,148.1200
 Waitchie,-37.8400,148.1200
 Wal Wal,-37.1500,148.8800
 Waldara,-37.1500,148.8800
 Walhalla,-37.1500,148.8800
 Walhalla East,-37.1500,148.8800
 Walkerville,-37.1500,148.8800
 Walkerville South,-37.1500,148.8800
 Wallace,-37.1500,148.8800
 Wallacedale,-37.1500,148.8800
 Wallagaraugh,-37.1500,148.8800
 Wallaloo,-37.1500,148.8800
 Wallaloo East,-37.1500,148.8800
 Wallan,-37.1500,148.8800
 Wallinduc,-37.1500,148.8800
 Wallington,-37.1500,148.8800
 Wallup,-37.1500,148.8800
 Walmer,-37.1500,148.8800
 Walpa,-37.1500,148.8800
 Walpeup,-37.1500,148.8800
 Walwa,-37.1500,148.8800
 Wanalta,-37.1500,148.8800
 Wandana Heights,-37.1500,148.8800
 Wandella,-37.9300,145.9100
 Wandiligong,-37.9300,145.9100
 Wandin East,-37.9300,145.9100
 Wandin North,-37.9300,145.9100
 Wando Bridge,-37.9300,145.9100
 Wando Vale,-37.9300,145.9100
 Wandong,-37.9300,145.9100
 Wandown,-37.2700,149.1400
 Wangandary,-37.2700,149.1400
 Wangarabell,-37.2700,149.1400
 Wangaratta,-37.2700,149.1400
 Wangaratta Forward,-37.2700,149.1400
 Wangaratta South,-37.2700,149.1400
 Wangaratta West,-37.4800,149.5900
 Wangie,-37.4800,149.5900
 Wangoom,-37.4800,149.5900
 Wannon,-37.4800,149.5900
 Wantirna,-37.4800,149.5900
 Wantirna South,-37.4800,149.5900
 Waranga,-37.4800,149.5900
 Waranga Shores,-37.5500,149.7300
 Waratah Bay,-37.5900,147.8900
 Warburton,-37.5900,147.8900
 Wareek,-37.5900,147.8900
 Wargan,-37.3000,147.7500
 Warmur,-37.3000,147.7500
 Warncoort,-37.3000,147.7500
 Warne,-37.3000,147.7500
 Warneet,-37.1100,147.8100
 Warrabkook,-37.1100,147.8100
 Warracknabeal,-37.1100,147.8100
 Warragul,-37.1100,147.8100
 Warragul South,-37.1100,147.8100
 Warragul West,-37.0200,147.4700
 Warrak,-37.0200,147.4700
 Warrandyte,-37.0200,147.4700
 Warrandyte South,-37.0200,147.4700
 Warranwood,-37.0200,147.4700
 Warrayure,-37.0200,147.4700
 Warrenbayne,-37.0200,147.4700
 Warrenheip,-37.0200,147.4700
 Warrenmang,-37.0200,147.4700
 Warrion,-37.0200,147.4700
 Warrnambool,-37.0200,147.4700
 Warrnambool East,-37.0200,147.4700
 Warrnambool West,-36.9500,147.7000
 Warrock,-36.9500,147.7000
 Warrong,-37.7900,147.8300
 Wartook,-37.7900,147.8300
 Watchem,-37.8100,147.8400
 Watchem West,-37.8700,147.8500
 Watchupga,-37.8600,147.9200
 Waterford,-37.8600,147.9200
 Waterford Park,-37.8600,147.9200
 Watergardens,-37.8600,147.9200
 Waterholes,-37.8600,147.9200
 Waterloo,-37.8600,147.9200
 Waterways,-37.8600,147.9200
 Watsonia,-37.8600,147.9200
 Watsonia North,-38.1500,145.1900
 Watsons Creek,-38.2000,145.1600
 Wattle Bank,-38.2000,145.1600
 Wattle Creek,-38.2000,145.2300
 Wattle Flat,-38.2000,145.2300
 Wattle Glen,-38.2600,145.1900
 Wattle Hill,-38.3100,145.1900
 Wattle Park,-38.3100,145.1900
 Wattletree Road Po,-38.3900,145.0900
 Waubra,-38.3900,145.0900
 Waurn Ponds,-38.3900,145.0900
 Waverley Gardens,-38.3400,145.1800
 Waygara,-38.3700,145.2000
 Weatherboard,-37.4450,143.6806
 Wedderburn,-38.3400,145.3400
 Wedderburn Junction,-38.4500,145.2400
 Wee Wee Rup,-38.4500,145.2400
 Weeaproinah,-38.4500,145.2400
 Weering,-38.4500,145.2400
 Weerite,-38.4500,145.2400
 Wehla,-38.4500,145.2400
 Wellsford,-38.4500,145.2400
 Welshmans Reef,-38.4500,145.2400
 Welshpool,-38.4500,145.2400
 Wemen,-38.4600,145.3100
 Wendouree,-38.5400,145.3400
 Wendouree Village,-38.5400,145.3400
 Wensleydale,-38.5400,145.3400
 Wentworth,-38.5400,145.3400
 Were Street Po,-38.3700,145.1300
 Werneth,-38.3700,145.1300
 Werona,-38.3700,145.1300
 Werribee,-38.3700,145.1300
 Werribee South,-38.3800,145.1500
 Werrimull,-38.4000,144.9700
 Wesburn,-38.4700,145.0200
 West Bendigo,-38.1900,145.0800
 West Creek,-38.1900,145.0800
 West Footscray,-38.2400,145.0600
 West Melbourne,-38.2400,145.0900
 West Wodonga,-38.3000,144.9900
 Westbury,-38.3500,144.9500
 Westby,-38.3500,144.9500
 Westmeadows,-38.3500,144.9500
 Westmere,-38.3700,145.0100
 Whanregarwen,-38.3700,145.0100
 Wharparilla,-37.9900,145.2200
 Wheatsheaf,-38.4000,144.9000
 Wheelers Hill,-38.4000,144.9000
 Whipstick,-38.4000,144.9000
 Whirily,-38.4000,144.9000
 White Hills,-38.4000,144.9000
 Whiteheads Creek,-38.0170,142.4170
 Whitelaw,-38.3700,144.8200
 Whitfield,-38.3700,144.8200
 Whitlands,-38.3700,144.8200
 Whittington,-38.3600,144.7700
 Whittlesea,-38.3400,144.7400
 Whoorel,-38.3400,144.7100
 Whorouly,-37.9700,145.1600
 Whorouly East,-37.9700,145.1600
 Whorouly South,-37.9700,145.1600
 Whroo,-37.9700,145.1600
 Wickliffe,-38.4300,145.7200
 Wilby,-38.4500,145.8800
 Wild Dog Valley,-38.4500,145.8800
 Wildwood,-38.4500,145.8800
 Wilkur,-38.4500,145.8800
 Willangie,-38.4500,145.8800
 Willatook,-38.3900,145.8900
 Willaura,-38.3900,145.8900
 Willaura North,-38.3900,145.8900
 Willenabrina,-38.3900,145.8900
 Williams Landing,-38.3900,145.8900
 Williamstown,-38.3900,145.8900
 Williamstown North,-38.3900,145.8900
 Willow Grove,-38.3900,145.8900
 Willowmavin,-38.4100,146.0700
 Willowvale,-38.4100,146.0700
 Willung,-38.4100,146.0700
 Willung South,-38.4100,146.0700
 Wilsons Hill,-38.4100,146.0700
 Wilsons Promontory,-38.4100,146.0700
 Wimbledon Heights,-38.4100,146.0700
 Winchelsea,-38.4100,146.0700
 Winchelsea South,-38.4100,146.0700
 Windermere,-38.4100,146.0700
 Windsor,-38.4100,146.0700
 Wingan River,-38.4100,146.0700
 Wingeel,-38.4100,146.0700
 Winjallok,-38.4100,146.0700
 Winlaton,-38.5500,145.9500
 Winnambool,-38.5300,146.1000
 Winnap,-38.5300,146.1000
 Winnindoo,-38.5300,146.1000
 Winslow,-38.5300,146.1000
 Winton,-38.5300,146.1000
 Winton North,-38.5300,146.1000
 Wirrate,-38.5300,146.1000
 Wiseleigh,-38.5300,146.1000
 Wishart,-38.5300,146.1000
 Wodonga,-37.9400,145.2700
 Wodonga,-38.6400,146.0700
 Wodonga Forward,-38.6900,146.0800
 Wodonga Plaza,-38.6900,146.0800
 Wollert,-38.6900,146.0800
 Wombat Creek,-38.6700,146.2700
 Wombelano,-38.6700,146.2700
 Won Wron,-38.6700,146.2700
 Wonga,-38.6700,146.2700
 Wonga Park,-38.6700,146.2700
 Wongarra,-38.6700,146.2700
 Wongungarra,-38.6700,146.2700
 Wonnangatta,-38.6700,146.2700
 Wonthaggi,-38.6700,146.2700
 Wonwondah,-38.6700,146.2700
 Wonyip,-38.6700,146.2700
 Wood Wood,-38.6700,146.2700
 Woodend,-38.6700,146.2700
 Woodend North,-38.6700,146.4000
 Woodfield,-38.6700,146.4000
 Woodford,-38.6700,146.4000
 Woodglen,-38.6700,146.4000
 Woodhouse,-38.6700,146.4000
 Woodleigh,-38.6800,146.2700
 Woods Point,-38.6900,146.4500
 Woodside,-38.5800,146.4500
 Woodside Beach,-38.5800,146.4500
 Woodside North,-38.5800,146.4500
 Woodstock,-37.6900,144.9600
 Woodstock On Loddon,-38.6100,146.6700
 Woodstock West,-38.6100,146.6700
 Woodvale,-38.6100,146.6700
 Wool Wool,-38.6100,146.6700
 Woolamai,-38.6100,146.6700
 Woolenook,-38.6100,146.6700
 Woolshed,-38.6100,146.6700
 Woolshed Flat,-38.6100,146.6700
 Woolsthorpe,-38.6100,146.6700
 Woomelang,-38.6100,146.6700
 Wooragee,-38.6100,146.6700
 Woorarra East,-38.6100,146.6700
 Woorarra West,-38.6100,146.6700
 Woori Yallock,-38.6100,146.6700
 Woorinen,-38.6100,146.6700
 Woorinen North,-38.6100,146.6700
 Woorinen South,-38.6100,146.6700
 Woorndoo,-38.6100,146.6700
 Wooroonook,-38.6100,146.6700
 Woosang,-38.6100,146.6700
 Wootong Vale,-38.6100,146.6700
 World Trade Centre,-38.0500,145.2600
 Worrowing,-38.0300,145.2700
 Wrathung,-38.2100,145.3200
 Wrixon,-38.2100,145.3200
 Wroxham,-38.2100,145.3200
 Wuk Wuk,-38.2100,145.3200
 Wulgulmerang,-38.2100,145.3200
 Wulgulmerang East,-38.2100,145.3200
 Wulgulmerang West,-38.2100,145.3200
 Wunghnu,-38.2100,145.3200
 Wurdiboluc,-38.2100,145.3200
 Wurruk,-38.2100,145.3200
 Wy Yung,-38.2100,145.3200
 Wycheproof,-38.1500,145.4200
 Wycheproof South,-38.1500,145.4200
 Wychitella,-38.1500,145.4200
 Wychitella North,-38.4300,145.5600
 Wye River,-38.4300,145.5600
 Wyelangta,-38.4300,145.5600
 Wyndham Vale,-38.2100,145.3400
 Wyuna,-38.2100,145.3400
 Wyuna East,-38.2100,145.3400
 Yaapeet,-38.1800,145.5700
 Yabba North,-38.1800,145.5700
 Yabba South,-38.1800,145.5700
 Yackandandah,-38.1800,145.5700
 Yalca,-38.1800,145.5700
 Yallambie,-38.1800,145.5700
 Yalla-Y-Poora,-38.1800,145.5700
 Yallourn,-38.3200,145.5400
 Yallourn North,-38.3200,145.5400
 Yalmy,-38.3200,145.5400
 Yambuk,-38.3200,145.5400
 Yambuna,-38.3200,145.5400
 Yan Yean,-38.3200,145.5400
 Yanac,-38.3200,145.5400
 Yanakie,-38.3200,145.5400
 Yando,-38.3200,145.5400
 Yandoit,-38.3200,145.5400
 Yandoit Hills,-38.3200,145.5400
 Yangery,-38.3200,145.5400
 Yangoura,-38.3200,145.5400
 Yannathan,-38.3300,145.6700
 Yapeen,-38.2900,145.8900
 Yarck,-38.2900,145.8900
 Yarpturk,-38.2900,145.8900
 Yarra Glen,-38.2900,145.8900
 Yarra Junction,-38.4500,145.5300
 Yarraberb,-38.4800,145.4700
 Yarragon,-38.4900,145.6200
 Yarragon South,-38.4900,145.6200
 Yarram,-38.4900,145.6200
 Yarrambat,-38.4900,145.6200
 Yarraville,-38.5300,145.4500
 Yarraville West,-38.5300,145.4500
 Yarrawalla,-38.5300,145.4500
 Yarrawonga,-38.5300,145.4500
 Yarrawonga South,-38.5300,145.4500
 Yarroweyah,-38.5300,145.4500
 Yarrunga,-38.5300,145.4500
 Yatchaw,-38.5300,145.4500
 Yawong Hills,-38.5300,145.4500
 Yea,-38.5300,145.4500
 Yellingbo,-38.5300,145.4500
 Yelta,-38.5300,145.4500
 Yendon,-38.6300,145.7300
 Yeo,-38.6300,145.7300
 Yeodene,-38.3700,144.7700
 Yering,-38.1100,145.1500
 Yeungroon,-36.3500,143.4330
 Yeungroon East,-37.8400,144.9800
 Yielima,-37.8200,144.9500
 Yinnar,-37.8100,144.9600
 Yinnar South,-38.3830,146.3830
 Youanmite,-37.8200,144.9600
 Youarang,-38.1900,146.2900
 Yulecart,-37.8100,144.9600
 Yundool,-36.2663,145.8177
 Yuroke,-38.3700,144.7700
 Yuulong,-37.7600,145.0400
 Zeerust,-37.8400,145.0600
 Zumsteins,-37.8500,144.8900
